ISO-10303-21;
HEADER;
FILE_DESCRIPTION(('FreeCAD Model'),'2;1');
FILE_NAME('Open CASCADE Shape Model','2026-05-29T07:17:47',('FreeCAD'),(
    'FreeCAD'),'Open CASCADE STEP processor 7.8','FreeCAD','Unknown');
FILE_SCHEMA(('AUTOMOTIVE_DESIGN { 1 0 10303 214 1 1 1 1 }'));
ENDSEC;
DATA;
#1 = APPLICATION_PROTOCOL_DEFINITION('international standard',
  'automotive_design',2000,#2);
#2 = APPLICATION_CONTEXT(
  'core data for automotive mechanical design processes');
#3 = SHAPE_DEFINITION_REPRESENTATION(#4,#10);
#4 = PRODUCT_DEFINITION_SHAPE('','',#5);
#5 = PRODUCT_DEFINITION('design','',#6,#9);
#6 = PRODUCT_DEFINITION_FORMATION('','',#7);
#7 = PRODUCT('Open CASCADE STEP translator 7.8 1',
  'Open CASCADE STEP translator 7.8 1','',(#8));
#8 = PRODUCT_CONTEXT('',#2,'mechanical');
#9 = PRODUCT_DEFINITION_CONTEXT('part definition',#2,'design');
#10 = ADVANCED_BREP_SHAPE_REPRESENTATION('',(#11,#15),#2408);
#11 = AXIS2_PLACEMENT_3D('',#12,#13,#14);
#12 = CARTESIAN_POINT('',(0.,0.,0.));
#13 = DIRECTION('',(0.,0.,1.));
#14 = DIRECTION('',(1.,0.,-0.));
#15 = MANIFOLD_SOLID_BREP('',#16);
#16 = CLOSED_SHELL('',(#17,#57,#90,#123,#154,#187,#218,#235,#252,#277,
    #349,#382,#407,#513,#531,#562,#580,#597,#615,#640,#665,#714,#747,
    #861,#886,#944,#961,#979,#1004,#1029,#1078,#1096,#1121,#1152,#1176,
    #1200,#1217,#1246,#1257,#1274,#1291,#1313,#1344,#1366,#1383,#1491,
    #1613,#1630,#1642,#1659,#1747,#1771,#1858,#1889,#1913,#1937,#1954,
    #1965,#1982,#2013,#2030,#2042,#2059,#2076,#2088,#2100,#2112,#2134,
    #2151,#2168,#2180,#2202,#2219,#2236,#2248,#2265,#2282,#2299,#2316,
    #2338,#2355,#2372,#2384,#2396));
#17 = ADVANCED_FACE('',(#18),#52,.T.);
#18 = FACE_BOUND('',#19,.T.);
#19 = EDGE_LOOP('',(#20,#30,#38,#46));
#20 = ORIENTED_EDGE('',*,*,#21,.T.);
#21 = EDGE_CURVE('',#22,#24,#26,.T.);
#22 = VERTEX_POINT('',#23);
#23 = CARTESIAN_POINT('',(254.,9.446887716535E-14,425.45));
#24 = VERTEX_POINT('',#25);
#25 = CARTESIAN_POINT('',(254.,-609.6,425.45));
#26 = LINE('',#27,#28);
#27 = CARTESIAN_POINT('',(254.,9.446887716535E-14,425.45));
#28 = VECTOR('',#29,1.);
#29 = DIRECTION('',(0.,-1.,2.22044604925E-16));
#30 = ORIENTED_EDGE('',*,*,#31,.T.);
#31 = EDGE_CURVE('',#24,#32,#34,.T.);
#32 = VERTEX_POINT('',#33);
#33 = CARTESIAN_POINT('',(488.95,-609.6,425.45));
#34 = LINE('',#35,#36);
#35 = CARTESIAN_POINT('',(254.,-609.6,425.45));
#36 = VECTOR('',#37,1.);
#37 = DIRECTION('',(1.,0.,0.));
#38 = ORIENTED_EDGE('',*,*,#39,.F.);
#39 = EDGE_CURVE('',#40,#32,#42,.T.);
#40 = VERTEX_POINT('',#41);
#41 = CARTESIAN_POINT('',(488.95,1.056095942673E-13,425.45));
#42 = LINE('',#43,#44);
#43 = CARTESIAN_POINT('',(488.95,9.446887716535E-14,425.45));
#44 = VECTOR('',#45,1.);
#45 = DIRECTION('',(0.,-1.,2.22044604925E-16));
#46 = ORIENTED_EDGE('',*,*,#47,.F.);
#47 = EDGE_CURVE('',#22,#40,#48,.T.);
#48 = LINE('',#49,#50);
#49 = CARTESIAN_POINT('',(254.,9.446887716535E-14,425.45));
#50 = VECTOR('',#51,1.);
#51 = DIRECTION('',(1.,0.,0.));
#52 = PLANE('',#53);
#53 = AXIS2_PLACEMENT_3D('',#54,#55,#56);
#54 = CARTESIAN_POINT('',(254.,9.446887716535E-14,425.45));
#55 = DIRECTION('',(0.,2.22044604925E-16,1.));
#56 = DIRECTION('',(1.,0.,0.));
#57 = ADVANCED_FACE('',(#58),#85,.T.);
#58 = FACE_BOUND('',#59,.F.);
#59 = EDGE_LOOP('',(#60,#70,#77,#78));
#60 = ORIENTED_EDGE('',*,*,#61,.F.);
#61 = EDGE_CURVE('',#62,#64,#66,.T.);
#62 = VERTEX_POINT('',#63);
#63 = CARTESIAN_POINT('',(234.95,9.023892744153E-14,406.4));
#64 = VERTEX_POINT('',#65);
#65 = CARTESIAN_POINT('',(234.95,-609.6,406.4));
#66 = LINE('',#67,#68);
#67 = CARTESIAN_POINT('',(234.95,9.023892744153E-14,406.4));
#68 = VECTOR('',#69,1.);
#69 = DIRECTION('',(0.,-1.,2.22044604925E-16));
#70 = ORIENTED_EDGE('',*,*,#71,.T.);
#71 = EDGE_CURVE('',#62,#22,#72,.T.);
#72 = CIRCLE('',#73,19.05);
#73 = AXIS2_PLACEMENT_3D('',#74,#75,#76);
#74 = CARTESIAN_POINT('',(254.,9.023892744153E-14,406.4));
#75 = DIRECTION('',(4.930380657631E-32,1.,-2.22044604925E-16));
#76 = DIRECTION('',(-1.110223024625E-16,-2.22044604925E-16,-1.));
#77 = ORIENTED_EDGE('',*,*,#21,.T.);
#78 = ORIENTED_EDGE('',*,*,#79,.F.);
#79 = EDGE_CURVE('',#64,#24,#80,.T.);
#80 = CIRCLE('',#81,19.05);
#81 = AXIS2_PLACEMENT_3D('',#82,#83,#84);
#82 = CARTESIAN_POINT('',(254.,-609.6,406.4));
#83 = DIRECTION('',(4.930380657631E-32,1.,-2.22044604925E-16));
#84 = DIRECTION('',(-1.110223024625E-16,-2.22044604925E-16,-1.));
#85 = CYLINDRICAL_SURFACE('',#86,19.05);
#86 = AXIS2_PLACEMENT_3D('',#87,#88,#89);
#87 = CARTESIAN_POINT('',(254.,9.023892744153E-14,406.4));
#88 = DIRECTION('',(-4.930380657631E-32,-1.,2.22044604925E-16));
#89 = DIRECTION('',(-1.110223024625E-16,-2.22044604925E-16,-1.));
#90 = ADVANCED_FACE('',(#91),#118,.T.);
#91 = FACE_BOUND('',#92,.T.);
#92 = EDGE_LOOP('',(#93,#102,#103,#112));
#93 = ORIENTED_EDGE('',*,*,#94,.F.);
#94 = EDGE_CURVE('',#32,#95,#97,.T.);
#95 = VERTEX_POINT('',#96);
#96 = CARTESIAN_POINT('',(508.,-628.65,406.4));
#97 = ELLIPSE('',#98,26.940768363207,19.05);
#98 = AXIS2_PLACEMENT_3D('',#99,#100,#101);
#99 = CARTESIAN_POINT('',(508.,-609.6,406.4));
#100 = DIRECTION('',(0.707106781187,2.109940521906E-15,0.707106781187));
#101 = DIRECTION('',(0.707106781187,-2.109940521906E-15,-0.707106781187)
  );
#102 = ORIENTED_EDGE('',*,*,#31,.F.);
#103 = ORIENTED_EDGE('',*,*,#104,.T.);
#104 = EDGE_CURVE('',#24,#105,#107,.T.);
#105 = VERTEX_POINT('',#106);
#106 = CARTESIAN_POINT('',(254.,-628.65,406.4));
#107 = CIRCLE('',#108,19.05);
#108 = AXIS2_PLACEMENT_3D('',#109,#110,#111);
#109 = CARTESIAN_POINT('',(254.,-609.6,406.4));
#110 = DIRECTION('',(1.,0.,-0.));
#111 = DIRECTION('',(0.,1.,1.110223024625E-16));
#112 = ORIENTED_EDGE('',*,*,#113,.T.);
#113 = EDGE_CURVE('',#105,#95,#114,.T.);
#114 = LINE('',#115,#116);
#115 = CARTESIAN_POINT('',(254.,-628.65,406.4));
#116 = VECTOR('',#117,1.);
#117 = DIRECTION('',(1.,0.,0.));
#118 = CYLINDRICAL_SURFACE('',#119,19.05);
#119 = AXIS2_PLACEMENT_3D('',#120,#121,#122);
#120 = CARTESIAN_POINT('',(254.,-609.6,406.4));
#121 = DIRECTION('',(1.,0.,0.));
#122 = DIRECTION('',(0.,1.,1.110223024625E-16));
#123 = ADVANCED_FACE('',(#124),#149,.T.);
#124 = FACE_BOUND('',#125,.T.);
#125 = EDGE_LOOP('',(#126,#136,#142,#143));
#126 = ORIENTED_EDGE('',*,*,#127,.F.);
#127 = EDGE_CURVE('',#128,#130,#132,.T.);
#128 = VERTEX_POINT('',#129);
#129 = CARTESIAN_POINT('',(488.95,1.353583911623E-13,609.6));
#130 = VERTEX_POINT('',#131);
#131 = CARTESIAN_POINT('',(488.95,-609.6,609.6));
#132 = LINE('',#133,#134);
#133 = CARTESIAN_POINT('',(488.95,1.353583911623E-13,609.6));
#134 = VECTOR('',#135,1.);
#135 = DIRECTION('',(0.,-1.,2.22044604925E-16));
#136 = ORIENTED_EDGE('',*,*,#137,.F.);
#137 = EDGE_CURVE('',#40,#128,#138,.T.);
#138 = LINE('',#139,#140);
#139 = CARTESIAN_POINT('',(488.95,9.023892744153E-14,406.4));
#140 = VECTOR('',#141,1.);
#141 = DIRECTION('',(0.,2.22044604925E-16,1.));
#142 = ORIENTED_EDGE('',*,*,#39,.T.);
#143 = ORIENTED_EDGE('',*,*,#144,.T.);
#144 = EDGE_CURVE('',#32,#130,#145,.T.);
#145 = LINE('',#146,#147);
#146 = CARTESIAN_POINT('',(488.95,-609.6,406.4));
#147 = VECTOR('',#148,1.);
#148 = DIRECTION('',(0.,2.22044604925E-16,1.));
#149 = PLANE('',#150);
#150 = AXIS2_PLACEMENT_3D('',#151,#152,#153);
#151 = CARTESIAN_POINT('',(488.95,9.023892744153E-14,406.4));
#152 = DIRECTION('',(-1.,-0.,0.));
#153 = DIRECTION('',(0.,2.22044604925E-16,1.));
#154 = ADVANCED_FACE('',(#155),#182,.T.);
#155 = FACE_BOUND('',#156,.F.);
#156 = EDGE_LOOP('',(#157,#166,#167,#176));
#157 = ORIENTED_EDGE('',*,*,#158,.T.);
#158 = EDGE_CURVE('',#159,#40,#161,.T.);
#159 = VERTEX_POINT('',#160);
#160 = CARTESIAN_POINT('',(508.,19.05,406.4));
#161 = ELLIPSE('',#162,26.940768363207,19.05);
#162 = AXIS2_PLACEMENT_3D('',#163,#164,#165);
#163 = CARTESIAN_POINT('',(508.,1.136868377216E-13,406.4));
#164 = DIRECTION('',(0.707106781187,1.743152798421E-32,0.707106781187));
#165 = DIRECTION('',(0.707106781187,-1.743152798421E-32,-0.707106781187)
  );
#166 = ORIENTED_EDGE('',*,*,#47,.F.);
#167 = ORIENTED_EDGE('',*,*,#168,.T.);
#168 = EDGE_CURVE('',#22,#169,#171,.T.);
#169 = VERTEX_POINT('',#170);
#170 = CARTESIAN_POINT('',(254.,19.05,406.4));
#171 = CIRCLE('',#172,19.05);
#172 = AXIS2_PLACEMENT_3D('',#173,#174,#175);
#173 = CARTESIAN_POINT('',(254.,1.136868377216E-13,406.4));
#174 = DIRECTION('',(-1.,0.,0.));
#175 = DIRECTION('',(0.,-1.,3.330669073875E-16));
#176 = ORIENTED_EDGE('',*,*,#177,.T.);
#177 = EDGE_CURVE('',#169,#159,#178,.T.);
#178 = LINE('',#179,#180);
#179 = CARTESIAN_POINT('',(254.,19.05,406.4));
#180 = VECTOR('',#181,1.);
#181 = DIRECTION('',(1.,0.,0.));
#182 = CYLINDRICAL_SURFACE('',#183,19.05);
#183 = AXIS2_PLACEMENT_3D('',#184,#185,#186);
#184 = CARTESIAN_POINT('',(254.,1.136868377216E-13,406.4));
#185 = DIRECTION('',(1.,0.,0.));
#186 = DIRECTION('',(0.,-1.,3.330669073875E-16));
#187 = ADVANCED_FACE('',(#188),#213,.T.);
#188 = FACE_BOUND('',#189,.T.);
#189 = EDGE_LOOP('',(#190,#191,#199,#207));
#190 = ORIENTED_EDGE('',*,*,#61,.F.);
#191 = ORIENTED_EDGE('',*,*,#192,.F.);
#192 = EDGE_CURVE('',#193,#62,#195,.T.);
#193 = VERTEX_POINT('',#194);
#194 = CARTESIAN_POINT('',(234.95,5.462815297652E-14,222.25));
#195 = LINE('',#196,#197);
#196 = CARTESIAN_POINT('',(234.95,4.511946372077E-14,203.2));
#197 = VECTOR('',#198,1.);
#198 = DIRECTION('',(0.,2.22044604925E-16,1.));
#199 = ORIENTED_EDGE('',*,*,#200,.T.);
#200 = EDGE_CURVE('',#193,#201,#203,.T.);
#201 = VERTEX_POINT('',#202);
#202 = CARTESIAN_POINT('',(234.95,-609.6,222.25));
#203 = LINE('',#204,#205);
#204 = CARTESIAN_POINT('',(234.95,4.934941344459E-14,222.25));
#205 = VECTOR('',#206,1.);
#206 = DIRECTION('',(0.,-1.,2.22044604925E-16));
#207 = ORIENTED_EDGE('',*,*,#208,.T.);
#208 = EDGE_CURVE('',#201,#64,#209,.T.);
#209 = LINE('',#210,#211);
#210 = CARTESIAN_POINT('',(234.95,-609.6,203.2));
#211 = VECTOR('',#212,1.);
#212 = DIRECTION('',(0.,2.22044604925E-16,1.));
#213 = PLANE('',#214);
#214 = AXIS2_PLACEMENT_3D('',#215,#216,#217);
#215 = CARTESIAN_POINT('',(234.95,4.511946372077E-14,203.2));
#216 = DIRECTION('',(-1.,-0.,0.));
#217 = DIRECTION('',(0.,2.22044604925E-16,1.));
#218 = ADVANCED_FACE('',(#219),#230,.T.);
#219 = FACE_BOUND('',#220,.T.);
#220 = EDGE_LOOP('',(#221,#222,#229));
#221 = ORIENTED_EDGE('',*,*,#79,.F.);
#222 = ORIENTED_EDGE('',*,*,#223,.T.);
#223 = EDGE_CURVE('',#64,#105,#224,.T.);
#224 = CIRCLE('',#225,19.05);
#225 = AXIS2_PLACEMENT_3D('',#226,#227,#228);
#226 = CARTESIAN_POINT('',(254.,-609.6,406.4));
#227 = DIRECTION('',(2.22044604925E-16,2.465190328816E-32,1.));
#228 = DIRECTION('',(5.856790701297E-15,1.,-1.325120680686E-30));
#229 = ORIENTED_EDGE('',*,*,#104,.F.);
#230 = SPHERICAL_SURFACE('',#231,19.05);
#231 = AXIS2_PLACEMENT_3D('',#232,#233,#234);
#232 = CARTESIAN_POINT('',(254.,-609.6,406.4));
#233 = DIRECTION('',(-0.707106781187,0.707106781187,0.));
#234 = DIRECTION('',(0.57735026919,0.57735026919,-0.57735026919));
#235 = ADVANCED_FACE('',(#236),#247,.T.);
#236 = FACE_BOUND('',#237,.T.);
#237 = EDGE_LOOP('',(#238,#239,#240));
#238 = ORIENTED_EDGE('',*,*,#71,.T.);
#239 = ORIENTED_EDGE('',*,*,#168,.T.);
#240 = ORIENTED_EDGE('',*,*,#241,.F.);
#241 = EDGE_CURVE('',#62,#169,#242,.T.);
#242 = CIRCLE('',#243,19.05);
#243 = AXIS2_PLACEMENT_3D('',#244,#245,#246);
#244 = CARTESIAN_POINT('',(254.,5.684341886081E-14,406.4));
#245 = DIRECTION('',(2.22044604925E-16,-2.465190328816E-32,-1.));
#246 = DIRECTION('',(-1.110223024625E-16,-1.,0.));
#247 = SPHERICAL_SURFACE('',#248,19.05);
#248 = AXIS2_PLACEMENT_3D('',#249,#250,#251);
#249 = CARTESIAN_POINT('',(254.,9.023892744153E-14,406.4));
#250 = DIRECTION('',(0.,-0.707106781187,0.707106781187));
#251 = DIRECTION('',(0.57735026919,-0.57735026919,-0.57735026919));
#252 = ADVANCED_FACE('',(#253),#272,.T.);
#253 = FACE_BOUND('',#254,.T.);
#254 = EDGE_LOOP('',(#255,#264,#265,#266));
#255 = ORIENTED_EDGE('',*,*,#256,.F.);
#256 = EDGE_CURVE('',#130,#257,#259,.T.);
#257 = VERTEX_POINT('',#258);
#258 = CARTESIAN_POINT('',(508.,-628.65,609.6));
#259 = CIRCLE('',#260,19.05);
#260 = AXIS2_PLACEMENT_3D('',#261,#262,#263);
#261 = CARTESIAN_POINT('',(508.,-609.5999999999,609.6));
#262 = DIRECTION('',(3.205951106805E-15,2.98390650188E-15,1.));
#263 = DIRECTION('',(-1.110223024625E-16,1.,-2.98390650188E-15));
#264 = ORIENTED_EDGE('',*,*,#144,.F.);
#265 = ORIENTED_EDGE('',*,*,#94,.T.);
#266 = ORIENTED_EDGE('',*,*,#267,.T.);
#267 = EDGE_CURVE('',#95,#257,#268,.T.);
#268 = LINE('',#269,#270);
#269 = CARTESIAN_POINT('',(508.,-628.65,406.4));
#270 = VECTOR('',#271,1.);
#271 = DIRECTION('',(0.,4.930380657631E-32,1.));
#272 = CYLINDRICAL_SURFACE('',#273,19.05);
#273 = AXIS2_PLACEMENT_3D('',#274,#275,#276);
#274 = CARTESIAN_POINT('',(508.,-609.6,406.4));
#275 = DIRECTION('',(3.205951106805E-15,2.98390650188E-15,1.));
#276 = DIRECTION('',(-1.110223024625E-16,1.,-2.98390650188E-15));
#277 = ADVANCED_FACE('',(#278),#344,.F.);
#278 = FACE_BOUND('',#279,.F.);
#279 = EDGE_LOOP('',(#280,#290,#296,#297,#298,#306,#314,#322,#330,#338)
  );
#280 = ORIENTED_EDGE('',*,*,#281,.T.);
#281 = EDGE_CURVE('',#282,#284,#286,.T.);
#282 = VERTEX_POINT('',#283);
#283 = CARTESIAN_POINT('',(0.,-628.65,203.2));
#284 = VERTEX_POINT('',#285);
#285 = CARTESIAN_POINT('',(254.,-628.65,203.2));
#286 = LINE('',#287,#288);
#287 = CARTESIAN_POINT('',(0.,-628.65,203.2));
#288 = VECTOR('',#289,1.);
#289 = DIRECTION('',(1.,0.,0.));
#290 = ORIENTED_EDGE('',*,*,#291,.T.);
#291 = EDGE_CURVE('',#284,#105,#292,.T.);
#292 = LINE('',#293,#294);
#293 = CARTESIAN_POINT('',(254.,-628.65,203.2));
#294 = VECTOR('',#295,1.);
#295 = DIRECTION('',(0.,4.930380657631E-32,1.));
#296 = ORIENTED_EDGE('',*,*,#113,.T.);
#297 = ORIENTED_EDGE('',*,*,#267,.T.);
#298 = ORIENTED_EDGE('',*,*,#299,.T.);
#299 = EDGE_CURVE('',#257,#300,#302,.T.);
#300 = VERTEX_POINT('',#301);
#301 = CARTESIAN_POINT('',(762.,-628.65,609.6));
#302 = LINE('',#303,#304);
#303 = CARTESIAN_POINT('',(508.,-628.65,609.6));
#304 = VECTOR('',#305,1.);
#305 = DIRECTION('',(1.,0.,0.));
#306 = ORIENTED_EDGE('',*,*,#307,.T.);
#307 = EDGE_CURVE('',#300,#308,#310,.T.);
#308 = VERTEX_POINT('',#309);
#309 = CARTESIAN_POINT('',(762.,-628.65,1.1684E+03));
#310 = LINE('',#311,#312);
#311 = CARTESIAN_POINT('',(762.,-628.65,609.6));
#312 = VECTOR('',#313,1.);
#313 = DIRECTION('',(0.,4.930380657631E-32,1.));
#314 = ORIENTED_EDGE('',*,*,#315,.T.);
#315 = EDGE_CURVE('',#308,#316,#318,.T.);
#316 = VERTEX_POINT('',#317);
#317 = CARTESIAN_POINT('',(1.0668E+03,-628.65,1.0668E+03));
#318 = LINE('',#319,#320);
#319 = CARTESIAN_POINT('',(762.,-628.65,1.1684E+03));
#320 = VECTOR('',#321,1.);
#321 = DIRECTION('',(0.948683298051,-1.559123260975E-32,-0.316227766017)
  );
#322 = ORIENTED_EDGE('',*,*,#323,.T.);
#323 = EDGE_CURVE('',#316,#324,#326,.T.);
#324 = VERTEX_POINT('',#325);
#325 = CARTESIAN_POINT('',(1.0668E+03,-628.65,7.851497230149E-14));
#326 = LINE('',#327,#328);
#327 = CARTESIAN_POINT('',(1.0668E+03,-628.65,1.0668E+03));
#328 = VECTOR('',#329,1.);
#329 = DIRECTION('',(0.,-4.930380657631E-32,-1.));
#330 = ORIENTED_EDGE('',*,*,#331,.T.);
#331 = EDGE_CURVE('',#324,#332,#334,.T.);
#332 = VERTEX_POINT('',#333);
#333 = CARTESIAN_POINT('',(0.,-628.65,1.353583911623E-13));
#334 = LINE('',#335,#336);
#335 = CARTESIAN_POINT('',(1.0668E+03,-628.65,1.353583911623E-13));
#336 = VECTOR('',#337,1.);
#337 = DIRECTION('',(-1.,0.,0.));
#338 = ORIENTED_EDGE('',*,*,#339,.T.);
#339 = EDGE_CURVE('',#332,#282,#340,.T.);
#340 = LINE('',#341,#342);
#341 = CARTESIAN_POINT('',(0.,-628.65,1.353583911623E-13));
#342 = VECTOR('',#343,1.);
#343 = DIRECTION('',(0.,4.930380657631E-32,1.));
#344 = PLANE('',#345);
#345 = AXIS2_PLACEMENT_3D('',#346,#347,#348);
#346 = CARTESIAN_POINT('',(654.88172137271,-628.65,437.90927026186));
#347 = DIRECTION('',(0.,1.,-4.930380657631E-32));
#348 = DIRECTION('',(0.,4.930380657631E-32,1.));
#349 = ADVANCED_FACE('',(#350),#377,.T.);
#350 = FACE_BOUND('',#351,.F.);
#351 = EDGE_LOOP('',(#352,#353,#362,#370));
#352 = ORIENTED_EDGE('',*,*,#127,.F.);
#353 = ORIENTED_EDGE('',*,*,#354,.T.);
#354 = EDGE_CURVE('',#128,#355,#357,.T.);
#355 = VERTEX_POINT('',#356);
#356 = CARTESIAN_POINT('',(508.,1.395883408861E-13,628.65));
#357 = CIRCLE('',#358,19.05);
#358 = AXIS2_PLACEMENT_3D('',#359,#360,#361);
#359 = CARTESIAN_POINT('',(508.,1.353583911623E-13,609.6));
#360 = DIRECTION('',(4.930380657631E-32,1.,-2.22044604925E-16));
#361 = DIRECTION('',(-1.110223024625E-16,-2.22044604925E-16,-1.));
#362 = ORIENTED_EDGE('',*,*,#363,.T.);
#363 = EDGE_CURVE('',#355,#364,#366,.T.);
#364 = VERTEX_POINT('',#365);
#365 = CARTESIAN_POINT('',(508.,-609.6,628.65));
#366 = LINE('',#367,#368);
#367 = CARTESIAN_POINT('',(508.,1.395883408861E-13,628.65));
#368 = VECTOR('',#369,1.);
#369 = DIRECTION('',(0.,-1.,2.22044604925E-16));
#370 = ORIENTED_EDGE('',*,*,#371,.F.);
#371 = EDGE_CURVE('',#130,#364,#372,.T.);
#372 = CIRCLE('',#373,19.05);
#373 = AXIS2_PLACEMENT_3D('',#374,#375,#376);
#374 = CARTESIAN_POINT('',(508.,-609.6,609.6));
#375 = DIRECTION('',(4.930380657631E-32,1.,-2.22044604925E-16));
#376 = DIRECTION('',(-1.110223024625E-16,-2.22044604925E-16,-1.));
#377 = CYLINDRICAL_SURFACE('',#378,19.05);
#378 = AXIS2_PLACEMENT_3D('',#379,#380,#381);
#379 = CARTESIAN_POINT('',(508.,1.353583911623E-13,609.6));
#380 = DIRECTION('',(-4.930380657631E-32,-1.,2.22044604925E-16));
#381 = DIRECTION('',(-1.110223024625E-16,-2.22044604925E-16,-1.));
#382 = ADVANCED_FACE('',(#383),#402,.T.);
#383 = FACE_BOUND('',#384,.F.);
#384 = EDGE_LOOP('',(#385,#394,#395,#396));
#385 = ORIENTED_EDGE('',*,*,#386,.F.);
#386 = EDGE_CURVE('',#128,#387,#389,.T.);
#387 = VERTEX_POINT('',#388);
#388 = CARTESIAN_POINT('',(508.,19.05,609.6));
#389 = CIRCLE('',#390,19.05);
#390 = AXIS2_PLACEMENT_3D('',#391,#392,#393);
#391 = CARTESIAN_POINT('',(508.,1.136868377216E-13,609.6));
#392 = DIRECTION('',(2.22044604925E-16,-2.465190328816E-32,-1.));
#393 = DIRECTION('',(-1.110223024625E-16,-1.,0.));
#394 = ORIENTED_EDGE('',*,*,#137,.F.);
#395 = ORIENTED_EDGE('',*,*,#158,.F.);
#396 = ORIENTED_EDGE('',*,*,#397,.T.);
#397 = EDGE_CURVE('',#159,#387,#398,.T.);
#398 = LINE('',#399,#400);
#399 = CARTESIAN_POINT('',(508.,19.05,406.4));
#400 = VECTOR('',#401,1.);
#401 = DIRECTION('',(0.,4.930380657631E-32,1.));
#402 = CYLINDRICAL_SURFACE('',#403,19.05);
#403 = AXIS2_PLACEMENT_3D('',#404,#405,#406);
#404 = CARTESIAN_POINT('',(508.,1.136868377216E-13,406.4));
#405 = DIRECTION('',(-2.22044604925E-16,2.465190328816E-32,1.));
#406 = DIRECTION('',(-1.110223024625E-16,-1.,0.));
#407 = ADVANCED_FACE('',(#408,#474),#508,.T.);
#408 = FACE_BOUND('',#409,.T.);
#409 = EDGE_LOOP('',(#410,#420,#426,#427,#428,#436,#444,#452,#460,#468)
  );
#410 = ORIENTED_EDGE('',*,*,#411,.T.);
#411 = EDGE_CURVE('',#412,#414,#416,.T.);
#412 = VERTEX_POINT('',#413);
#413 = CARTESIAN_POINT('',(0.,19.05,203.2));
#414 = VERTEX_POINT('',#415);
#415 = CARTESIAN_POINT('',(254.,19.05,203.2));
#416 = LINE('',#417,#418);
#417 = CARTESIAN_POINT('',(0.,19.05,203.2));
#418 = VECTOR('',#419,1.);
#419 = DIRECTION('',(1.,0.,0.));
#420 = ORIENTED_EDGE('',*,*,#421,.T.);
#421 = EDGE_CURVE('',#414,#169,#422,.T.);
#422 = LINE('',#423,#424);
#423 = CARTESIAN_POINT('',(254.,19.05,203.2));
#424 = VECTOR('',#425,1.);
#425 = DIRECTION('',(0.,4.930380657631E-32,1.));
#426 = ORIENTED_EDGE('',*,*,#177,.T.);
#427 = ORIENTED_EDGE('',*,*,#397,.T.);
#428 = ORIENTED_EDGE('',*,*,#429,.T.);
#429 = EDGE_CURVE('',#387,#430,#432,.T.);
#430 = VERTEX_POINT('',#431);
#431 = CARTESIAN_POINT('',(762.,19.05,609.6));
#432 = LINE('',#433,#434);
#433 = CARTESIAN_POINT('',(508.,19.05,609.6));
#434 = VECTOR('',#435,1.);
#435 = DIRECTION('',(1.,0.,0.));
#436 = ORIENTED_EDGE('',*,*,#437,.T.);
#437 = EDGE_CURVE('',#430,#438,#440,.T.);
#438 = VERTEX_POINT('',#439);
#439 = CARTESIAN_POINT('',(762.,19.05,1.1684E+03));
#440 = LINE('',#441,#442);
#441 = CARTESIAN_POINT('',(762.,19.05,609.6));
#442 = VECTOR('',#443,1.);
#443 = DIRECTION('',(0.,4.930380657631E-32,1.));
#444 = ORIENTED_EDGE('',*,*,#445,.T.);
#445 = EDGE_CURVE('',#438,#446,#448,.T.);
#446 = VERTEX_POINT('',#447);
#447 = CARTESIAN_POINT('',(1.0668E+03,19.05,1.0668E+03));
#448 = LINE('',#449,#450);
#449 = CARTESIAN_POINT('',(762.,19.05,1.1684E+03));
#450 = VECTOR('',#451,1.);
#451 = DIRECTION('',(0.948683298051,-1.559123260975E-32,-0.316227766017)
  );
#452 = ORIENTED_EDGE('',*,*,#453,.T.);
#453 = EDGE_CURVE('',#446,#454,#456,.T.);
#454 = VERTEX_POINT('',#455);
#455 = CARTESIAN_POINT('',(1.0668E+03,19.05,-5.684341886081E-14));
#456 = LINE('',#457,#458);
#457 = CARTESIAN_POINT('',(1.0668E+03,19.05,1.0668E+03));
#458 = VECTOR('',#459,1.);
#459 = DIRECTION('',(0.,-4.930380657631E-32,-1.));
#460 = ORIENTED_EDGE('',*,*,#461,.T.);
#461 = EDGE_CURVE('',#454,#462,#464,.T.);
#462 = VERTEX_POINT('',#463);
#463 = CARTESIAN_POINT('',(0.,19.05,-9.392375152788E-31));
#464 = LINE('',#465,#466);
#465 = CARTESIAN_POINT('',(1.0668E+03,19.05,-9.392375152788E-31));
#466 = VECTOR('',#467,1.);
#467 = DIRECTION('',(-1.,0.,0.));
#468 = ORIENTED_EDGE('',*,*,#469,.T.);
#469 = EDGE_CURVE('',#462,#412,#470,.T.);
#470 = LINE('',#471,#472);
#471 = CARTESIAN_POINT('',(0.,19.05,-9.392375152788E-31));
#472 = VECTOR('',#473,1.);
#473 = DIRECTION('',(0.,4.930380657631E-32,1.));
#474 = FACE_BOUND('',#475,.T.);
#475 = EDGE_LOOP('',(#476,#486,#494,#502));
#476 = ORIENTED_EDGE('',*,*,#477,.F.);
#477 = EDGE_CURVE('',#478,#480,#482,.T.);
#478 = VERTEX_POINT('',#479);
#479 = CARTESIAN_POINT('',(742.95,19.05,19.05));
#480 = VERTEX_POINT('',#481);
#481 = CARTESIAN_POINT('',(273.05,19.05,19.05));
#482 = LINE('',#483,#484);
#483 = CARTESIAN_POINT('',(463.96586068635,19.05,19.05));
#484 = VECTOR('',#485,1.);
#485 = DIRECTION('',(-1.,1.491060294025E-48,3.024229562716E-17));
#486 = ORIENTED_EDGE('',*,*,#487,.F.);
#487 = EDGE_CURVE('',#488,#478,#490,.T.);
#488 = VERTEX_POINT('',#489);
#489 = CARTESIAN_POINT('',(742.95,19.05,387.35));
#490 = LINE('',#491,#492);
#491 = CARTESIAN_POINT('',(742.95,19.05,228.47963513093));
#492 = VECTOR('',#493,1.);
#493 = DIRECTION('',(0.,-4.930380657631E-32,-1.));
#494 = ORIENTED_EDGE('',*,*,#495,.F.);
#495 = EDGE_CURVE('',#496,#488,#498,.T.);
#496 = VERTEX_POINT('',#497);
#497 = CARTESIAN_POINT('',(273.05,19.05,387.35));
#498 = LINE('',#499,#500);
#499 = CARTESIAN_POINT('',(698.91586068635,19.05,387.35));
#500 = VECTOR('',#501,1.);
#501 = DIRECTION('',(1.,0.,0.));
#502 = ORIENTED_EDGE('',*,*,#503,.F.);
#503 = EDGE_CURVE('',#480,#496,#504,.T.);
#504 = LINE('',#505,#506);
#505 = CARTESIAN_POINT('',(273.05,19.05,412.62963513093));
#506 = VECTOR('',#507,1.);
#507 = DIRECTION('',(0.,4.930380657631E-32,1.));
#508 = PLANE('',#509);
#509 = AXIS2_PLACEMENT_3D('',#510,#511,#512);
#510 = CARTESIAN_POINT('',(654.88172137271,19.05,437.90927026186));
#511 = DIRECTION('',(0.,1.,-4.930380657631E-32));
#512 = DIRECTION('',(0.,4.930380657631E-32,1.));
#513 = ADVANCED_FACE('',(#514),#526,.T.);
#514 = FACE_BOUND('',#515,.F.);
#515 = EDGE_LOOP('',(#516,#517,#518,#525));
#516 = ORIENTED_EDGE('',*,*,#241,.F.);
#517 = ORIENTED_EDGE('',*,*,#192,.F.);
#518 = ORIENTED_EDGE('',*,*,#519,.F.);
#519 = EDGE_CURVE('',#414,#193,#520,.T.);
#520 = ELLIPSE('',#521,26.940768363207,19.05);
#521 = AXIS2_PLACEMENT_3D('',#522,#523,#524);
#522 = CARTESIAN_POINT('',(254.,5.684341886081E-14,203.2));
#523 = DIRECTION('',(0.707106781187,1.743152798421E-32,0.707106781187));
#524 = DIRECTION('',(0.707106781187,-1.743152798421E-32,-0.707106781187)
  );
#525 = ORIENTED_EDGE('',*,*,#421,.T.);
#526 = CYLINDRICAL_SURFACE('',#527,19.05);
#527 = AXIS2_PLACEMENT_3D('',#528,#529,#530);
#528 = CARTESIAN_POINT('',(254.,5.684341886081E-14,203.2));
#529 = DIRECTION('',(-2.22044604925E-16,2.465190328816E-32,1.));
#530 = DIRECTION('',(-1.110223024625E-16,-1.,0.));
#531 = ADVANCED_FACE('',(#532),#557,.T.);
#532 = FACE_BOUND('',#533,.T.);
#533 = EDGE_LOOP('',(#534,#544,#550,#551));
#534 = ORIENTED_EDGE('',*,*,#535,.T.);
#535 = EDGE_CURVE('',#536,#538,#540,.T.);
#536 = VERTEX_POINT('',#537);
#537 = CARTESIAN_POINT('',(0.,4.934941344459E-14,222.25));
#538 = VERTEX_POINT('',#539);
#539 = CARTESIAN_POINT('',(0.,-609.6,222.25));
#540 = LINE('',#541,#542);
#541 = CARTESIAN_POINT('',(0.,4.934941344459E-14,222.25));
#542 = VECTOR('',#543,1.);
#543 = DIRECTION('',(0.,-1.,2.22044604925E-16));
#544 = ORIENTED_EDGE('',*,*,#545,.T.);
#545 = EDGE_CURVE('',#538,#201,#546,.T.);
#546 = LINE('',#547,#548);
#547 = CARTESIAN_POINT('',(0.,-609.6,222.25));
#548 = VECTOR('',#549,1.);
#549 = DIRECTION('',(1.,0.,0.));
#550 = ORIENTED_EDGE('',*,*,#200,.F.);
#551 = ORIENTED_EDGE('',*,*,#552,.F.);
#552 = EDGE_CURVE('',#536,#193,#553,.T.);
#553 = LINE('',#554,#555);
#554 = CARTESIAN_POINT('',(0.,4.934941344459E-14,222.25));
#555 = VECTOR('',#556,1.);
#556 = DIRECTION('',(1.,0.,0.));
#557 = PLANE('',#558);
#558 = AXIS2_PLACEMENT_3D('',#559,#560,#561);
#559 = CARTESIAN_POINT('',(0.,4.934941344459E-14,222.25));
#560 = DIRECTION('',(0.,2.22044604925E-16,1.));
#561 = DIRECTION('',(1.,0.,0.));
#562 = ADVANCED_FACE('',(#563),#575,.T.);
#563 = FACE_BOUND('',#564,.T.);
#564 = EDGE_LOOP('',(#565,#566,#567,#574));
#565 = ORIENTED_EDGE('',*,*,#223,.F.);
#566 = ORIENTED_EDGE('',*,*,#208,.F.);
#567 = ORIENTED_EDGE('',*,*,#568,.T.);
#568 = EDGE_CURVE('',#201,#284,#569,.T.);
#569 = ELLIPSE('',#570,26.940768363207,19.05);
#570 = AXIS2_PLACEMENT_3D('',#571,#572,#573);
#571 = CARTESIAN_POINT('',(254.,-609.6,203.2));
#572 = DIRECTION('',(0.707106781187,1.743152798421E-32,0.707106781187));
#573 = DIRECTION('',(0.707106781187,-1.743152798421E-32,-0.707106781187)
  );
#574 = ORIENTED_EDGE('',*,*,#291,.T.);
#575 = CYLINDRICAL_SURFACE('',#576,19.05);
#576 = AXIS2_PLACEMENT_3D('',#577,#578,#579);
#577 = CARTESIAN_POINT('',(254.,-609.6,203.2));
#578 = DIRECTION('',(2.22044604925E-16,2.465190328816E-32,1.));
#579 = DIRECTION('',(5.856790701297E-15,1.,-1.325120680686E-30));
#580 = ADVANCED_FACE('',(#581),#592,.T.);
#581 = FACE_BOUND('',#582,.T.);
#582 = EDGE_LOOP('',(#583,#584,#585));
#583 = ORIENTED_EDGE('',*,*,#371,.F.);
#584 = ORIENTED_EDGE('',*,*,#256,.T.);
#585 = ORIENTED_EDGE('',*,*,#586,.F.);
#586 = EDGE_CURVE('',#364,#257,#587,.T.);
#587 = CIRCLE('',#588,19.05);
#588 = AXIS2_PLACEMENT_3D('',#589,#590,#591);
#589 = CARTESIAN_POINT('',(508.,-609.6,609.6));
#590 = DIRECTION('',(1.,0.,-0.));
#591 = DIRECTION('',(0.,1.,1.110223024625E-16));
#592 = SPHERICAL_SURFACE('',#593,19.05);
#593 = AXIS2_PLACEMENT_3D('',#594,#595,#596);
#594 = CARTESIAN_POINT('',(508.,-609.6,609.6));
#595 = DIRECTION('',(-4.219881043812E-15,-0.707106781187,-0.707106781187
    ));
#596 = DIRECTION('',(0.57735026919,0.57735026919,-0.57735026919));
#597 = ADVANCED_FACE('',(#598),#610,.T.);
#598 = FACE_BOUND('',#599,.T.);
#599 = EDGE_LOOP('',(#600,#601,#602,#609));
#600 = ORIENTED_EDGE('',*,*,#568,.F.);
#601 = ORIENTED_EDGE('',*,*,#545,.F.);
#602 = ORIENTED_EDGE('',*,*,#603,.T.);
#603 = EDGE_CURVE('',#538,#282,#604,.T.);
#604 = CIRCLE('',#605,19.05);
#605 = AXIS2_PLACEMENT_3D('',#606,#607,#608);
#606 = CARTESIAN_POINT('',(0.,-609.6,203.2));
#607 = DIRECTION('',(1.,-0.,0.));
#608 = DIRECTION('',(0.,1.,-5.856790701297E-15));
#609 = ORIENTED_EDGE('',*,*,#281,.T.);
#610 = CYLINDRICAL_SURFACE('',#611,19.05);
#611 = AXIS2_PLACEMENT_3D('',#612,#613,#614);
#612 = CARTESIAN_POINT('',(0.,-609.6,203.2));
#613 = DIRECTION('',(1.,0.,0.));
#614 = DIRECTION('',(0.,1.,-5.856790701297E-15));
#615 = ADVANCED_FACE('',(#616),#635,.T.);
#616 = FACE_BOUND('',#617,.T.);
#617 = EDGE_LOOP('',(#618,#627,#633,#634));
#618 = ORIENTED_EDGE('',*,*,#619,.F.);
#619 = EDGE_CURVE('',#620,#300,#622,.T.);
#620 = VERTEX_POINT('',#621);
#621 = CARTESIAN_POINT('',(742.95,-609.6,628.65));
#622 = ELLIPSE('',#623,26.940768363207,19.05);
#623 = AXIS2_PLACEMENT_3D('',#624,#625,#626);
#624 = CARTESIAN_POINT('',(762.,-609.6,609.6));
#625 = DIRECTION('',(0.707106781187,1.743152798421E-32,0.707106781187));
#626 = DIRECTION('',(0.707106781187,-1.743152798421E-32,-0.707106781187)
  );
#627 = ORIENTED_EDGE('',*,*,#628,.F.);
#628 = EDGE_CURVE('',#364,#620,#629,.T.);
#629 = LINE('',#630,#631);
#630 = CARTESIAN_POINT('',(508.,-609.6,628.65));
#631 = VECTOR('',#632,1.);
#632 = DIRECTION('',(1.,0.,0.));
#633 = ORIENTED_EDGE('',*,*,#586,.T.);
#634 = ORIENTED_EDGE('',*,*,#299,.T.);
#635 = CYLINDRICAL_SURFACE('',#636,19.05);
#636 = AXIS2_PLACEMENT_3D('',#637,#638,#639);
#637 = CARTESIAN_POINT('',(508.,-609.6,609.6));
#638 = DIRECTION('',(1.,0.,0.));
#639 = DIRECTION('',(0.,1.,1.110223024625E-16));
#640 = ADVANCED_FACE('',(#641),#660,.T.);
#641 = FACE_BOUND('',#642,.T.);
#642 = EDGE_LOOP('',(#643,#652,#658,#659));
#643 = ORIENTED_EDGE('',*,*,#644,.F.);
#644 = EDGE_CURVE('',#645,#308,#647,.T.);
#645 = VERTEX_POINT('',#646);
#646 = CARTESIAN_POINT('',(742.95,-609.6,1.1684E+03));
#647 = CIRCLE('',#648,19.05);
#648 = AXIS2_PLACEMENT_3D('',#649,#650,#651);
#649 = CARTESIAN_POINT('',(762.,-609.6,1.1684E+03));
#650 = DIRECTION('',(2.22044604925E-16,2.465190328816E-32,1.));
#651 = DIRECTION('',(-1.110223024625E-16,1.,0.));
#652 = ORIENTED_EDGE('',*,*,#653,.F.);
#653 = EDGE_CURVE('',#620,#645,#654,.T.);
#654 = LINE('',#655,#656);
#655 = CARTESIAN_POINT('',(742.95,-609.6,609.6));
#656 = VECTOR('',#657,1.);
#657 = DIRECTION('',(0.,2.22044604925E-16,1.));
#658 = ORIENTED_EDGE('',*,*,#619,.T.);
#659 = ORIENTED_EDGE('',*,*,#307,.T.);
#660 = CYLINDRICAL_SURFACE('',#661,19.05);
#661 = AXIS2_PLACEMENT_3D('',#662,#663,#664);
#662 = CARTESIAN_POINT('',(762.,-609.6,609.6));
#663 = DIRECTION('',(2.22044604925E-16,2.465190328816E-32,1.));
#664 = DIRECTION('',(-1.110223024625E-16,1.,0.));
#665 = ADVANCED_FACE('',(#666),#709,.T.);
#666 = FACE_BOUND('',#667,.T.);
#667 = EDGE_LOOP('',(#668,#678,#685,#686,#695,#703));
#668 = ORIENTED_EDGE('',*,*,#669,.F.);
#669 = EDGE_CURVE('',#670,#672,#674,.T.);
#670 = VERTEX_POINT('',#671);
#671 = CARTESIAN_POINT('',(768.02413894262,-609.6,1.186472416828E+03));
#672 = VERTEX_POINT('',#673);
#673 = CARTESIAN_POINT('',(1.04775E+03,-609.6,1.093230463142E+03));
#674 = LINE('',#675,#676);
#675 = CARTESIAN_POINT('',(768.02413894262,-609.6,1.186472416828E+03));
#676 = VECTOR('',#677,1.);
#677 = DIRECTION('',(0.948683298051,-7.021666937153E-17,-0.316227766017)
  );
#678 = ORIENTED_EDGE('',*,*,#679,.T.);
#679 = EDGE_CURVE('',#670,#308,#680,.T.);
#680 = CIRCLE('',#681,19.05);
#681 = AXIS2_PLACEMENT_3D('',#682,#683,#684);
#682 = CARTESIAN_POINT('',(762.,-609.6,1.1684E+03));
#683 = DIRECTION('',(0.948683298051,9.603429163008E-15,-0.316227766017)
  );
#684 = DIRECTION('',(-1.099105309892E-14,1.,-2.604449793558E-15));
#685 = ORIENTED_EDGE('',*,*,#315,.T.);
#686 = ORIENTED_EDGE('',*,*,#687,.F.);
#687 = EDGE_CURVE('',#688,#316,#690,.T.);
#688 = VERTEX_POINT('',#689);
#689 = CARTESIAN_POINT('',(1.072824138943E+03,-609.6,1.084872416828E+03)
  );
#690 = CIRCLE('',#691,19.05);
#691 = AXIS2_PLACEMENT_3D('',#692,#693,#694);
#692 = CARTESIAN_POINT('',(1.0668E+03,-609.5999999999,1.0668E+03));
#693 = DIRECTION('',(0.948683298051,9.603429163008E-15,-0.316227766017)
  );
#694 = DIRECTION('',(-1.099105309892E-14,1.,-2.604449793558E-15));
#695 = ORIENTED_EDGE('',*,*,#696,.F.);
#696 = EDGE_CURVE('',#697,#688,#699,.T.);
#697 = VERTEX_POINT('',#698);
#698 = CARTESIAN_POINT('',(1.0668E+03,-609.6,1.086880463142E+03));
#699 = LINE('',#700,#701);
#700 = CARTESIAN_POINT('',(768.02413894262,-609.6,1.186472416828E+03));
#701 = VECTOR('',#702,1.);
#702 = DIRECTION('',(0.948683298051,-7.021666937153E-17,-0.316227766017)
  );
#703 = ORIENTED_EDGE('',*,*,#704,.F.);
#704 = EDGE_CURVE('',#672,#697,#705,.T.);
#705 = LINE('',#706,#707);
#706 = CARTESIAN_POINT('',(768.02413894262,-609.6,1.186472416828E+03));
#707 = VECTOR('',#708,1.);
#708 = DIRECTION('',(0.948683298051,-7.021666937153E-17,-0.316227766017)
  );
#709 = CYLINDRICAL_SURFACE('',#710,19.05);
#710 = AXIS2_PLACEMENT_3D('',#711,#712,#713);
#711 = CARTESIAN_POINT('',(762.,-609.6,1.1684E+03));
#712 = DIRECTION('',(0.948683298051,9.603429163008E-15,-0.316227766017)
  );
#713 = DIRECTION('',(-1.093569679256E-14,1.,-2.622901895677E-15));
#714 = ADVANCED_FACE('',(#715),#742,.T.);
#715 = FACE_BOUND('',#716,.T.);
#716 = EDGE_LOOP('',(#717,#718,#727,#735));
#717 = ORIENTED_EDGE('',*,*,#323,.T.);
#718 = ORIENTED_EDGE('',*,*,#719,.F.);
#719 = EDGE_CURVE('',#720,#324,#722,.T.);
#720 = VERTEX_POINT('',#721);
#721 = CARTESIAN_POINT('',(1.08585E+03,-609.6,9.201528428093E-14));
#722 = CIRCLE('',#723,19.05);
#723 = AXIS2_PLACEMENT_3D('',#724,#725,#726);
#724 = CARTESIAN_POINT('',(1.0668E+03,-609.5999999999,2.273736754432E-13
    ));
#725 = DIRECTION('',(-1.171358140259E-14,1.193562600752E-14,-1.));
#726 = DIRECTION('',(1.110223024625E-16,1.,1.193562600752E-14));
#727 = ORIENTED_EDGE('',*,*,#728,.F.);
#728 = EDGE_CURVE('',#729,#720,#731,.T.);
#729 = VERTEX_POINT('',#730);
#730 = CARTESIAN_POINT('',(1.08585E+03,-609.6,1.0668E+03));
#731 = LINE('',#732,#733);
#732 = CARTESIAN_POINT('',(1.08585E+03,-609.6,1.0668E+03));
#733 = VECTOR('',#734,1.);
#734 = DIRECTION('',(0.,-2.22044604925E-16,-1.));
#735 = ORIENTED_EDGE('',*,*,#736,.T.);
#736 = EDGE_CURVE('',#729,#316,#737,.T.);
#737 = CIRCLE('',#738,19.05);
#738 = AXIS2_PLACEMENT_3D('',#739,#740,#741);
#739 = CARTESIAN_POINT('',(1.0668E+03,-609.6,1.0668E+03));
#740 = DIRECTION('',(-1.171358140259E-14,1.193562600752E-14,-1.));
#741 = DIRECTION('',(1.110223024625E-16,1.,1.193562600752E-14));
#742 = CYLINDRICAL_SURFACE('',#743,19.05);
#743 = AXIS2_PLACEMENT_3D('',#744,#745,#746);
#744 = CARTESIAN_POINT('',(1.0668E+03,-609.6,1.0668E+03));
#745 = DIRECTION('',(-1.171358140259E-14,1.193562600752E-14,-1.));
#746 = DIRECTION('',(1.110223024625E-16,1.,1.193562600752E-14));
#747 = ADVANCED_FACE('',(#748),#856,.T.);
#748 = FACE_BOUND('',#749,.T.);
#749 = EDGE_LOOP('',(#750,#760,#768,#776,#784,#792,#800,#806,#807,#808,
    #817,#825,#832,#833,#842,#850));
#750 = ORIENTED_EDGE('',*,*,#751,.F.);
#751 = EDGE_CURVE('',#752,#754,#756,.T.);
#752 = VERTEX_POINT('',#753);
#753 = CARTESIAN_POINT('',(1.0668E+03,0.,0.));
#754 = VERTEX_POINT('',#755);
#755 = CARTESIAN_POINT('',(1.0668E+03,-19.05,0.));
#756 = LINE('',#757,#758);
#757 = CARTESIAN_POINT('',(1.0668E+03,0.,0.));
#758 = VECTOR('',#759,1.);
#759 = DIRECTION('',(0.,-1.,2.22044604925E-16));
#760 = ORIENTED_EDGE('',*,*,#761,.T.);
#761 = EDGE_CURVE('',#752,#762,#764,.T.);
#762 = VERTEX_POINT('',#763);
#763 = CARTESIAN_POINT('',(0.,0.,0.));
#764 = LINE('',#765,#766);
#765 = CARTESIAN_POINT('',(1.0668E+03,0.,0.));
#766 = VECTOR('',#767,1.);
#767 = DIRECTION('',(-1.,0.,0.));
#768 = ORIENTED_EDGE('',*,*,#769,.T.);
#769 = EDGE_CURVE('',#762,#770,#772,.T.);
#770 = VERTEX_POINT('',#771);
#771 = CARTESIAN_POINT('',(0.,-609.6,1.353583911623E-13));
#772 = LINE('',#773,#774);
#773 = CARTESIAN_POINT('',(0.,0.,0.));
#774 = VECTOR('',#775,1.);
#775 = DIRECTION('',(0.,-1.,2.22044604925E-16));
#776 = ORIENTED_EDGE('',*,*,#777,.F.);
#777 = EDGE_CURVE('',#778,#770,#780,.T.);
#778 = VERTEX_POINT('',#779);
#779 = CARTESIAN_POINT('',(1.0668E+03,-609.6,1.353583911623E-13));
#780 = LINE('',#781,#782);
#781 = CARTESIAN_POINT('',(1.0668E+03,-609.6,1.353583911623E-13));
#782 = VECTOR('',#783,1.);
#783 = DIRECTION('',(-1.,0.,0.));
#784 = ORIENTED_EDGE('',*,*,#785,.F.);
#785 = EDGE_CURVE('',#786,#778,#788,.T.);
#786 = VERTEX_POINT('',#787);
#787 = CARTESIAN_POINT('',(1.0668E+03,-590.55,0.));
#788 = LINE('',#789,#790);
#789 = CARTESIAN_POINT('',(1.0668E+03,0.,0.));
#790 = VECTOR('',#791,1.);
#791 = DIRECTION('',(0.,-1.,2.22044604925E-16));
#792 = ORIENTED_EDGE('',*,*,#793,.T.);
#793 = EDGE_CURVE('',#786,#794,#796,.T.);
#794 = VERTEX_POINT('',#795);
#795 = CARTESIAN_POINT('',(1.08585E+03,-590.55,6.556422071924E-14));
#796 = LINE('',#797,#798);
#797 = CARTESIAN_POINT('',(1.0668E+03,-590.55,0.));
#798 = VECTOR('',#799,1.);
#799 = DIRECTION('',(1.,0.,0.));
#800 = ORIENTED_EDGE('',*,*,#801,.T.);
#801 = EDGE_CURVE('',#794,#720,#802,.T.);
#802 = LINE('',#803,#804);
#803 = CARTESIAN_POINT('',(1.08585E+03,0.,0.));
#804 = VECTOR('',#805,1.);
#805 = DIRECTION('',(0.,-1.,2.22044604925E-16));
#806 = ORIENTED_EDGE('',*,*,#719,.T.);
#807 = ORIENTED_EDGE('',*,*,#331,.T.);
#808 = ORIENTED_EDGE('',*,*,#809,.F.);
#809 = EDGE_CURVE('',#810,#332,#812,.T.);
#810 = VERTEX_POINT('',#811);
#811 = CARTESIAN_POINT('',(-19.05,-609.6,1.353583911623E-13));
#812 = CIRCLE('',#813,19.05);
#813 = AXIS2_PLACEMENT_3D('',#814,#815,#816);
#814 = CARTESIAN_POINT('',(0.,-609.6,1.353583911623E-13));
#815 = DIRECTION('',(2.22044604925E-16,2.465190328816E-32,1.));
#816 = DIRECTION('',(-1.110223024625E-16,1.,0.));
#817 = ORIENTED_EDGE('',*,*,#818,.F.);
#818 = EDGE_CURVE('',#819,#810,#821,.T.);
#819 = VERTEX_POINT('',#820);
#820 = CARTESIAN_POINT('',(-19.05,0.,0.));
#821 = LINE('',#822,#823);
#822 = CARTESIAN_POINT('',(-19.05,0.,0.));
#823 = VECTOR('',#824,1.);
#824 = DIRECTION('',(0.,-1.,2.22044604925E-16));
#825 = ORIENTED_EDGE('',*,*,#826,.T.);
#826 = EDGE_CURVE('',#819,#462,#827,.T.);
#827 = CIRCLE('',#828,19.05);
#828 = AXIS2_PLACEMENT_3D('',#829,#830,#831);
#829 = CARTESIAN_POINT('',(0.,0.,0.));
#830 = DIRECTION('',(2.22044604925E-16,-7.395570986447E-32,-1.));
#831 = DIRECTION('',(-1.110223024625E-16,-1.,4.930380657631E-32));
#832 = ORIENTED_EDGE('',*,*,#461,.F.);
#833 = ORIENTED_EDGE('',*,*,#834,.F.);
#834 = EDGE_CURVE('',#835,#454,#837,.T.);
#835 = VERTEX_POINT('',#836);
#836 = CARTESIAN_POINT('',(1.08585E+03,0.,0.));
#837 = CIRCLE('',#838,19.05);
#838 = AXIS2_PLACEMENT_3D('',#839,#840,#841);
#839 = CARTESIAN_POINT('',(1.0668E+03,2.273736754432E-13,0.));
#840 = DIRECTION('',(2.22044604925E-16,2.465190328816E-32,1.));
#841 = DIRECTION('',(1.110223024625E-16,-1.,0.));
#842 = ORIENTED_EDGE('',*,*,#843,.T.);
#843 = EDGE_CURVE('',#835,#844,#846,.T.);
#844 = VERTEX_POINT('',#845);
#845 = CARTESIAN_POINT('',(1.08585E+03,-19.05,2.114974861911E-15));
#846 = LINE('',#847,#848);
#847 = CARTESIAN_POINT('',(1.08585E+03,0.,0.));
#848 = VECTOR('',#849,1.);
#849 = DIRECTION('',(0.,-1.,2.22044604925E-16));
#850 = ORIENTED_EDGE('',*,*,#851,.F.);
#851 = EDGE_CURVE('',#754,#844,#852,.T.);
#852 = LINE('',#853,#854);
#853 = CARTESIAN_POINT('',(1.0668E+03,-19.05,0.));
#854 = VECTOR('',#855,1.);
#855 = DIRECTION('',(1.,0.,0.));
#856 = PLANE('',#857);
#857 = AXIS2_PLACEMENT_3D('',#858,#859,#860);
#858 = CARTESIAN_POINT('',(1.0668E+03,0.,0.));
#859 = DIRECTION('',(0.,-2.22044604925E-16,-1.));
#860 = DIRECTION('',(-1.,-0.,0.));
#861 = ADVANCED_FACE('',(#862),#881,.T.);
#862 = FACE_BOUND('',#863,.T.);
#863 = EDGE_LOOP('',(#864,#865,#874,#880));
#864 = ORIENTED_EDGE('',*,*,#339,.T.);
#865 = ORIENTED_EDGE('',*,*,#866,.F.);
#866 = EDGE_CURVE('',#867,#282,#869,.T.);
#867 = VERTEX_POINT('',#868);
#868 = CARTESIAN_POINT('',(-19.05,-609.6,203.2));
#869 = CIRCLE('',#870,19.05);
#870 = AXIS2_PLACEMENT_3D('',#871,#872,#873);
#871 = CARTESIAN_POINT('',(4.511946372077E-14,-609.6,203.2));
#872 = DIRECTION('',(2.22044604925E-16,2.465190328816E-32,1.));
#873 = DIRECTION('',(-1.110223024625E-16,1.,0.));
#874 = ORIENTED_EDGE('',*,*,#875,.F.);
#875 = EDGE_CURVE('',#810,#867,#876,.T.);
#876 = LINE('',#877,#878);
#877 = CARTESIAN_POINT('',(-19.05,-609.6,1.353583911623E-13));
#878 = VECTOR('',#879,1.);
#879 = DIRECTION('',(0.,2.22044604925E-16,1.));
#880 = ORIENTED_EDGE('',*,*,#809,.T.);
#881 = CYLINDRICAL_SURFACE('',#882,19.05);
#882 = AXIS2_PLACEMENT_3D('',#883,#884,#885);
#883 = CARTESIAN_POINT('',(0.,-609.6,1.353583911623E-13));
#884 = DIRECTION('',(2.22044604925E-16,2.465190328816E-32,1.));
#885 = DIRECTION('',(-1.110223024625E-16,1.,0.));
#886 = ADVANCED_FACE('',(#887,#905),#939,.T.);
#887 = FACE_BOUND('',#888,.T.);
#888 = EDGE_LOOP('',(#889,#890,#891,#899));
#889 = ORIENTED_EDGE('',*,*,#363,.T.);
#890 = ORIENTED_EDGE('',*,*,#628,.T.);
#891 = ORIENTED_EDGE('',*,*,#892,.F.);
#892 = EDGE_CURVE('',#893,#620,#895,.T.);
#893 = VERTEX_POINT('',#894);
#894 = CARTESIAN_POINT('',(742.95,1.281693261277E-13,628.65));
#895 = LINE('',#896,#897);
#896 = CARTESIAN_POINT('',(742.95,1.395883408861E-13,628.65));
#897 = VECTOR('',#898,1.);
#898 = DIRECTION('',(0.,-1.,2.22044604925E-16));
#899 = ORIENTED_EDGE('',*,*,#900,.F.);
#900 = EDGE_CURVE('',#355,#893,#901,.T.);
#901 = LINE('',#902,#903);
#902 = CARTESIAN_POINT('',(508.,1.395883408861E-13,628.65));
#903 = VECTOR('',#904,1.);
#904 = DIRECTION('',(1.,0.,0.));
#905 = FACE_BOUND('',#906,.T.);
#906 = EDGE_LOOP('',(#907,#917,#925,#933));
#907 = ORIENTED_EDGE('',*,*,#908,.T.);
#908 = EDGE_CURVE('',#909,#911,#913,.T.);
#909 = VERTEX_POINT('',#910);
#910 = CARTESIAN_POINT('',(565.15,-6.35,628.65));
#911 = VERTEX_POINT('',#912);
#912 = CARTESIAN_POINT('',(565.15,-44.45,628.65));
#913 = LINE('',#914,#915);
#914 = CARTESIAN_POINT('',(565.15,-22.225,628.65));
#915 = VECTOR('',#916,1.);
#916 = DIRECTION('',(0.,-1.,2.22044604925E-16));
#917 = ORIENTED_EDGE('',*,*,#918,.T.);
#918 = EDGE_CURVE('',#911,#919,#921,.T.);
#919 = VERTEX_POINT('',#920);
#920 = CARTESIAN_POINT('',(527.05,-44.45,628.65));
#921 = LINE('',#922,#923);
#922 = CARTESIAN_POINT('',(517.525,-44.45,628.65));
#923 = VECTOR('',#924,1.);
#924 = DIRECTION('',(-1.,0.,0.));
#925 = ORIENTED_EDGE('',*,*,#926,.T.);
#926 = EDGE_CURVE('',#919,#927,#929,.T.);
#927 = VERTEX_POINT('',#928);
#928 = CARTESIAN_POINT('',(527.05,-6.35,628.65));
#929 = LINE('',#930,#931);
#930 = CARTESIAN_POINT('',(527.05,-3.175,628.65));
#931 = VECTOR('',#932,1.);
#932 = DIRECTION('',(0.,1.,-2.22044604925E-16));
#933 = ORIENTED_EDGE('',*,*,#934,.T.);
#934 = EDGE_CURVE('',#927,#909,#935,.T.);
#935 = LINE('',#936,#937);
#936 = CARTESIAN_POINT('',(536.575,-6.35,628.65));
#937 = VECTOR('',#938,1.);
#938 = DIRECTION('',(1.,-4.662353909187E-17,1.035250531786E-32));
#939 = PLANE('',#940);
#940 = AXIS2_PLACEMENT_3D('',#941,#942,#943);
#941 = CARTESIAN_POINT('',(508.,1.395883408861E-13,628.65));
#942 = DIRECTION('',(0.,2.22044604925E-16,1.));
#943 = DIRECTION('',(1.,0.,0.));
#944 = ADVANCED_FACE('',(#945),#956,.T.);
#945 = FACE_BOUND('',#946,.T.);
#946 = EDGE_LOOP('',(#947,#948,#955));
#947 = ORIENTED_EDGE('',*,*,#354,.T.);
#948 = ORIENTED_EDGE('',*,*,#949,.T.);
#949 = EDGE_CURVE('',#355,#387,#950,.T.);
#950 = CIRCLE('',#951,19.05);
#951 = AXIS2_PLACEMENT_3D('',#952,#953,#954);
#952 = CARTESIAN_POINT('',(508.,1.136868377216E-13,609.6));
#953 = DIRECTION('',(-1.,0.,0.));
#954 = DIRECTION('',(0.,-1.,3.330669073875E-16));
#955 = ORIENTED_EDGE('',*,*,#386,.F.);
#956 = SPHERICAL_SURFACE('',#957,19.05);
#957 = AXIS2_PLACEMENT_3D('',#958,#959,#960);
#958 = CARTESIAN_POINT('',(508.,1.353583911623E-13,609.6));
#959 = DIRECTION('',(0.,-0.707106781187,0.707106781187));
#960 = DIRECTION('',(0.57735026919,-0.57735026919,-0.57735026919));
#961 = ADVANCED_FACE('',(#962),#974,.T.);
#962 = FACE_BOUND('',#963,.F.);
#963 = EDGE_LOOP('',(#964,#965,#966,#973));
#964 = ORIENTED_EDGE('',*,*,#519,.T.);
#965 = ORIENTED_EDGE('',*,*,#552,.F.);
#966 = ORIENTED_EDGE('',*,*,#967,.T.);
#967 = EDGE_CURVE('',#536,#412,#968,.T.);
#968 = CIRCLE('',#969,19.05);
#969 = AXIS2_PLACEMENT_3D('',#970,#971,#972);
#970 = CARTESIAN_POINT('',(0.,5.684341886081E-14,203.2));
#971 = DIRECTION('',(-1.,0.,0.));
#972 = DIRECTION('',(0.,-1.,3.330669073875E-16));
#973 = ORIENTED_EDGE('',*,*,#411,.T.);
#974 = CYLINDRICAL_SURFACE('',#975,19.05);
#975 = AXIS2_PLACEMENT_3D('',#976,#977,#978);
#976 = CARTESIAN_POINT('',(0.,5.684341886081E-14,203.2));
#977 = DIRECTION('',(1.,0.,0.));
#978 = DIRECTION('',(0.,-1.,3.330669073875E-16));
#979 = ADVANCED_FACE('',(#980),#999,.T.);
#980 = FACE_BOUND('',#981,.F.);
#981 = EDGE_LOOP('',(#982,#983,#992,#998));
#982 = ORIENTED_EDGE('',*,*,#469,.T.);
#983 = ORIENTED_EDGE('',*,*,#984,.F.);
#984 = EDGE_CURVE('',#985,#412,#987,.T.);
#985 = VERTEX_POINT('',#986);
#986 = CARTESIAN_POINT('',(-19.05,4.511946372077E-14,203.2));
#987 = CIRCLE('',#988,19.05);
#988 = AXIS2_PLACEMENT_3D('',#989,#990,#991);
#989 = CARTESIAN_POINT('',(-4.511946372077E-14,1.502780024446E-29,203.2)
  );
#990 = DIRECTION('',(2.22044604925E-16,-7.395570986447E-32,-1.));
#991 = DIRECTION('',(-1.110223024625E-16,-1.,4.930380657631E-32));
#992 = ORIENTED_EDGE('',*,*,#993,.F.);
#993 = EDGE_CURVE('',#819,#985,#994,.T.);
#994 = LINE('',#995,#996);
#995 = CARTESIAN_POINT('',(-19.05,0.,0.));
#996 = VECTOR('',#997,1.);
#997 = DIRECTION('',(0.,2.22044604925E-16,1.));
#998 = ORIENTED_EDGE('',*,*,#826,.T.);
#999 = CYLINDRICAL_SURFACE('',#1000,19.05);
#1000 = AXIS2_PLACEMENT_3D('',#1001,#1002,#1003);
#1001 = CARTESIAN_POINT('',(0.,0.,0.));
#1002 = DIRECTION('',(-2.22044604925E-16,7.395570986447E-32,1.));
#1003 = DIRECTION('',(-1.110223024625E-16,-1.,4.930380657631E-32));
#1004 = ADVANCED_FACE('',(#1005),#1024,.T.);
#1005 = FACE_BOUND('',#1006,.F.);
#1006 = EDGE_LOOP('',(#1007,#1008,#1009,#1017));
#1007 = ORIENTED_EDGE('',*,*,#453,.T.);
#1008 = ORIENTED_EDGE('',*,*,#834,.F.);
#1009 = ORIENTED_EDGE('',*,*,#1010,.F.);
#1010 = EDGE_CURVE('',#1011,#835,#1013,.T.);
#1011 = VERTEX_POINT('',#1012);
#1012 = CARTESIAN_POINT('',(1.08585E+03,2.36877184534E-13,1.0668E+03));
#1013 = LINE('',#1014,#1015);
#1014 = CARTESIAN_POINT('',(1.08585E+03,2.36877184534E-13,1.0668E+03));
#1015 = VECTOR('',#1016,1.);
#1016 = DIRECTION('',(0.,-2.22044604925E-16,-1.));
#1017 = ORIENTED_EDGE('',*,*,#1018,.T.);
#1018 = EDGE_CURVE('',#1011,#446,#1019,.T.);
#1019 = CIRCLE('',#1020,19.05);
#1020 = AXIS2_PLACEMENT_3D('',#1021,#1022,#1023);
#1021 = CARTESIAN_POINT('',(1.0668E+03,2.273736754432E-13,1.0668E+03));
#1022 = DIRECTION('',(2.22044604925E-16,2.465190328816E-32,1.));
#1023 = DIRECTION('',(1.110223024625E-16,-1.,0.));
#1024 = CYLINDRICAL_SURFACE('',#1025,19.05);
#1025 = AXIS2_PLACEMENT_3D('',#1026,#1027,#1028);
#1026 = CARTESIAN_POINT('',(1.0668E+03,2.273736754432E-13,1.0668E+03));
#1027 = DIRECTION('',(-2.22044604925E-16,-2.465190328816E-32,-1.));
#1028 = DIRECTION('',(1.110223024625E-16,-1.,0.));
#1029 = ADVANCED_FACE('',(#1030),#1073,.T.);
#1030 = FACE_BOUND('',#1031,.F.);
#1031 = EDGE_LOOP('',(#1032,#1042,#1049,#1050,#1059,#1067));
#1032 = ORIENTED_EDGE('',*,*,#1033,.F.);
#1033 = EDGE_CURVE('',#1034,#1036,#1038,.T.);
#1034 = VERTEX_POINT('',#1035);
#1035 = CARTESIAN_POINT('',(768.02413894262,2.63449799049E-13,
    1.186472416828E+03));
#1036 = VERTEX_POINT('',#1037);
#1037 = CARTESIAN_POINT('',(1.04775E+03,1.213729631402E-13,
    1.093230463142E+03));
#1038 = LINE('',#1039,#1040);
#1039 = CARTESIAN_POINT('',(768.02413894262,2.63449799049E-13,
    1.186472416828E+03));
#1040 = VECTOR('',#1041,1.);
#1041 = DIRECTION('',(0.948683298051,-7.021666937153E-17,-0.316227766017
    ));
#1042 = ORIENTED_EDGE('',*,*,#1043,.T.);
#1043 = EDGE_CURVE('',#1034,#438,#1044,.T.);
#1044 = CIRCLE('',#1045,19.05);
#1045 = AXIS2_PLACEMENT_3D('',#1046,#1047,#1048);
#1046 = CARTESIAN_POINT('',(762.,2.273736754432E-13,1.1684E+03));
#1047 = DIRECTION('',(-0.948683298051,5.884182030513E-15,0.316227766017)
  );
#1048 = DIRECTION('',(-5.472590691355E-15,-1.,2.189645309391E-15));
#1049 = ORIENTED_EDGE('',*,*,#445,.T.);
#1050 = ORIENTED_EDGE('',*,*,#1051,.F.);
#1051 = EDGE_CURVE('',#1052,#446,#1054,.T.);
#1052 = VERTEX_POINT('',#1053);
#1053 = CARTESIAN_POINT('',(1.072824138943E+03,2.408900671886E-13,
    1.084872416828E+03));
#1054 = CIRCLE('',#1055,19.05);
#1055 = AXIS2_PLACEMENT_3D('',#1056,#1057,#1058);
#1056 = CARTESIAN_POINT('',(1.0668E+03,-1.663139930716E-12,1.0668E+03));
#1057 = DIRECTION('',(-0.948683298051,5.884182030513E-15,0.316227766017)
  );
#1058 = DIRECTION('',(-5.472590691355E-15,-1.,2.189645309391E-15));
#1059 = ORIENTED_EDGE('',*,*,#1060,.F.);
#1060 = EDGE_CURVE('',#1061,#1052,#1063,.T.);
#1061 = VERTEX_POINT('',#1062);
#1062 = CARTESIAN_POINT('',(1.0668E+03,1.206679715196E-13,
    1.086880463142E+03));
#1063 = LINE('',#1064,#1065);
#1064 = CARTESIAN_POINT('',(768.02413894262,2.63449799049E-13,
    1.186472416828E+03));
#1065 = VECTOR('',#1066,1.);
#1066 = DIRECTION('',(0.948683298051,-7.021666937153E-17,-0.316227766017
    ));
#1067 = ORIENTED_EDGE('',*,*,#1068,.F.);
#1068 = EDGE_CURVE('',#1036,#1061,#1069,.T.);
#1069 = LINE('',#1070,#1071);
#1070 = CARTESIAN_POINT('',(768.02413894262,2.63449799049E-13,
    1.186472416828E+03));
#1071 = VECTOR('',#1072,1.);
#1072 = DIRECTION('',(0.948683298051,-7.021666937153E-17,-0.316227766017
    ));
#1073 = CYLINDRICAL_SURFACE('',#1074,19.05);
#1074 = AXIS2_PLACEMENT_3D('',#1075,#1076,#1077);
#1075 = CARTESIAN_POINT('',(762.,2.273736754432E-13,1.1684E+03));
#1076 = DIRECTION('',(0.948683298051,-5.884182030513E-15,-0.316227766017
    ));
#1077 = DIRECTION('',(-5.440092820663E-15,-1.,2.178812685827E-15));
#1078 = ADVANCED_FACE('',(#1079),#1091,.T.);
#1079 = FACE_BOUND('',#1080,.F.);
#1080 = EDGE_LOOP('',(#1081,#1088,#1089,#1090));
#1081 = ORIENTED_EDGE('',*,*,#1082,.T.);
#1082 = EDGE_CURVE('',#430,#893,#1083,.T.);
#1083 = ELLIPSE('',#1084,26.940768363207,19.05);
#1084 = AXIS2_PLACEMENT_3D('',#1085,#1086,#1087);
#1085 = CARTESIAN_POINT('',(762.,1.136868377216E-13,609.6));
#1086 = DIRECTION('',(0.707106781187,1.743152798421E-32,0.707106781187)
  );
#1087 = DIRECTION('',(0.707106781187,-1.743152798421E-32,-0.707106781187
    ));
#1088 = ORIENTED_EDGE('',*,*,#900,.F.);
#1089 = ORIENTED_EDGE('',*,*,#949,.T.);
#1090 = ORIENTED_EDGE('',*,*,#429,.T.);
#1091 = CYLINDRICAL_SURFACE('',#1092,19.05);
#1092 = AXIS2_PLACEMENT_3D('',#1093,#1094,#1095);
#1093 = CARTESIAN_POINT('',(508.,1.136868377216E-13,609.6));
#1094 = DIRECTION('',(1.,0.,0.));
#1095 = DIRECTION('',(0.,-1.,3.330669073875E-16));
#1096 = ADVANCED_FACE('',(#1097),#1116,.T.);
#1097 = FACE_BOUND('',#1098,.F.);
#1098 = EDGE_LOOP('',(#1099,#1108,#1114,#1115));
#1099 = ORIENTED_EDGE('',*,*,#1100,.F.);
#1100 = EDGE_CURVE('',#1101,#438,#1103,.T.);
#1101 = VERTEX_POINT('',#1102);
#1102 = CARTESIAN_POINT('',(742.95,2.594369163944E-13,1.1684E+03));
#1103 = CIRCLE('',#1104,19.05);
#1104 = AXIS2_PLACEMENT_3D('',#1105,#1106,#1107);
#1105 = CARTESIAN_POINT('',(762.,1.136868377216E-13,1.1684E+03));
#1106 = DIRECTION('',(2.22044604925E-16,-2.465190328816E-32,-1.));
#1107 = DIRECTION('',(-1.110223024625E-16,-1.,0.));
#1108 = ORIENTED_EDGE('',*,*,#1109,.F.);
#1109 = EDGE_CURVE('',#893,#1101,#1110,.T.);
#1110 = LINE('',#1111,#1112);
#1111 = CARTESIAN_POINT('',(742.95,1.353583911623E-13,609.6));
#1112 = VECTOR('',#1113,1.);
#1113 = DIRECTION('',(0.,2.22044604925E-16,1.));
#1114 = ORIENTED_EDGE('',*,*,#1082,.F.);
#1115 = ORIENTED_EDGE('',*,*,#437,.T.);
#1116 = CYLINDRICAL_SURFACE('',#1117,19.05);
#1117 = AXIS2_PLACEMENT_3D('',#1118,#1119,#1120);
#1118 = CARTESIAN_POINT('',(762.,1.136868377216E-13,609.6));
#1119 = DIRECTION('',(-2.22044604925E-16,2.465190328816E-32,1.));
#1120 = DIRECTION('',(-1.110223024625E-16,-1.,0.));
#1121 = ADVANCED_FACE('',(#1122),#1147,.F.);
#1122 = FACE_BOUND('',#1123,.F.);
#1123 = EDGE_LOOP('',(#1124,#1134,#1140,#1141));
#1124 = ORIENTED_EDGE('',*,*,#1125,.F.);
#1125 = EDGE_CURVE('',#1126,#1128,#1130,.T.);
#1126 = VERTEX_POINT('',#1127);
#1127 = CARTESIAN_POINT('',(273.05,4.229949723822E-15,19.05));
#1128 = VERTEX_POINT('',#1129);
#1129 = CARTESIAN_POINT('',(742.95,4.229949723822E-15,19.05));
#1130 = LINE('',#1131,#1132);
#1131 = CARTESIAN_POINT('',(273.05,4.229949723822E-15,19.05));
#1132 = VECTOR('',#1133,1.);
#1133 = DIRECTION('',(1.,-6.715138584559E-33,-3.024229562716E-17));
#1134 = ORIENTED_EDGE('',*,*,#1135,.T.);
#1135 = EDGE_CURVE('',#1126,#480,#1136,.T.);
#1136 = LINE('',#1137,#1138);
#1137 = CARTESIAN_POINT('',(273.05,4.229949723822E-15,19.05));
#1138 = VECTOR('',#1139,1.);
#1139 = DIRECTION('',(0.,1.,-2.22044604925E-16));
#1140 = ORIENTED_EDGE('',*,*,#477,.F.);
#1141 = ORIENTED_EDGE('',*,*,#1142,.F.);
#1142 = EDGE_CURVE('',#1128,#478,#1143,.T.);
#1143 = LINE('',#1144,#1145);
#1144 = CARTESIAN_POINT('',(742.95,4.229949723822E-15,19.05));
#1145 = VECTOR('',#1146,1.);
#1146 = DIRECTION('',(0.,1.,-2.22044604925E-16));
#1147 = PLANE('',#1148);
#1148 = AXIS2_PLACEMENT_3D('',#1149,#1150,#1151);
#1149 = CARTESIAN_POINT('',(273.05,4.229949723822E-15,19.05));
#1150 = DIRECTION('',(-3.024229562716E-17,-2.22044604925E-16,-1.));
#1151 = DIRECTION('',(1.,-6.715138584559E-33,-3.024229562716E-17));
#1152 = ADVANCED_FACE('',(#1153),#1171,.F.);
#1153 = FACE_BOUND('',#1154,.F.);
#1154 = EDGE_LOOP('',(#1155,#1163,#1169,#1170));
#1155 = ORIENTED_EDGE('',*,*,#1156,.F.);
#1156 = EDGE_CURVE('',#1157,#1126,#1159,.T.);
#1157 = VERTEX_POINT('',#1158);
#1158 = CARTESIAN_POINT('',(273.05,8.600897771771E-14,387.35));
#1159 = LINE('',#1160,#1161);
#1160 = CARTESIAN_POINT('',(273.05,8.600897771771E-14,387.35));
#1161 = VECTOR('',#1162,1.);
#1162 = DIRECTION('',(0.,-2.22044604925E-16,-1.));
#1163 = ORIENTED_EDGE('',*,*,#1164,.T.);
#1164 = EDGE_CURVE('',#1157,#496,#1165,.T.);
#1165 = LINE('',#1166,#1167);
#1166 = CARTESIAN_POINT('',(273.05,8.600897771771E-14,387.35));
#1167 = VECTOR('',#1168,1.);
#1168 = DIRECTION('',(0.,1.,-2.22044604925E-16));
#1169 = ORIENTED_EDGE('',*,*,#503,.F.);
#1170 = ORIENTED_EDGE('',*,*,#1135,.F.);
#1171 = PLANE('',#1172);
#1172 = AXIS2_PLACEMENT_3D('',#1173,#1174,#1175);
#1173 = CARTESIAN_POINT('',(273.05,8.600897771771E-14,387.35));
#1174 = DIRECTION('',(-1.,0.,0.));
#1175 = DIRECTION('',(0.,-2.22044604925E-16,-1.));
#1176 = ADVANCED_FACE('',(#1177),#1195,.F.);
#1177 = FACE_BOUND('',#1178,.F.);
#1178 = EDGE_LOOP('',(#1179,#1187,#1193,#1194));
#1179 = ORIENTED_EDGE('',*,*,#1180,.F.);
#1180 = EDGE_CURVE('',#1181,#1157,#1183,.T.);
#1181 = VERTEX_POINT('',#1182);
#1182 = CARTESIAN_POINT('',(742.95,8.600897771771E-14,387.35));
#1183 = LINE('',#1184,#1185);
#1184 = CARTESIAN_POINT('',(742.95,8.600897771771E-14,387.35));
#1185 = VECTOR('',#1186,1.);
#1186 = DIRECTION('',(-1.,0.,0.));
#1187 = ORIENTED_EDGE('',*,*,#1188,.T.);
#1188 = EDGE_CURVE('',#1181,#488,#1189,.T.);
#1189 = LINE('',#1190,#1191);
#1190 = CARTESIAN_POINT('',(742.95,8.600897771771E-14,387.35));
#1191 = VECTOR('',#1192,1.);
#1192 = DIRECTION('',(0.,1.,-2.22044604925E-16));
#1193 = ORIENTED_EDGE('',*,*,#495,.F.);
#1194 = ORIENTED_EDGE('',*,*,#1164,.F.);
#1195 = PLANE('',#1196);
#1196 = AXIS2_PLACEMENT_3D('',#1197,#1198,#1199);
#1197 = CARTESIAN_POINT('',(742.95,8.600897771771E-14,387.35));
#1198 = DIRECTION('',(0.,2.22044604925E-16,1.));
#1199 = DIRECTION('',(-1.,0.,0.));
#1200 = ADVANCED_FACE('',(#1201),#1212,.F.);
#1201 = FACE_BOUND('',#1202,.F.);
#1202 = EDGE_LOOP('',(#1203,#1209,#1210,#1211));
#1203 = ORIENTED_EDGE('',*,*,#1204,.F.);
#1204 = EDGE_CURVE('',#1128,#1181,#1205,.T.);
#1205 = LINE('',#1206,#1207);
#1206 = CARTESIAN_POINT('',(742.95,4.229949723822E-15,19.05));
#1207 = VECTOR('',#1208,1.);
#1208 = DIRECTION('',(0.,2.22044604925E-16,1.));
#1209 = ORIENTED_EDGE('',*,*,#1142,.T.);
#1210 = ORIENTED_EDGE('',*,*,#487,.F.);
#1211 = ORIENTED_EDGE('',*,*,#1188,.F.);
#1212 = PLANE('',#1213);
#1213 = AXIS2_PLACEMENT_3D('',#1214,#1215,#1216);
#1214 = CARTESIAN_POINT('',(742.95,4.229949723822E-15,19.05));
#1215 = DIRECTION('',(1.,0.,0.));
#1216 = DIRECTION('',(0.,2.22044604925E-16,1.));
#1217 = ADVANCED_FACE('',(#1218),#1241,.T.);
#1218 = FACE_BOUND('',#1219,.F.);
#1219 = EDGE_LOOP('',(#1220,#1226,#1233,#1234));
#1220 = ORIENTED_EDGE('',*,*,#1221,.F.);
#1221 = EDGE_CURVE('',#985,#867,#1222,.T.);
#1222 = LINE('',#1223,#1224);
#1223 = CARTESIAN_POINT('',(-19.05,4.511946372077E-14,203.2));
#1224 = VECTOR('',#1225,1.);
#1225 = DIRECTION('',(0.,-1.,2.22044604925E-16));
#1226 = ORIENTED_EDGE('',*,*,#1227,.T.);
#1227 = EDGE_CURVE('',#985,#536,#1228,.T.);
#1228 = CIRCLE('',#1229,19.05);
#1229 = AXIS2_PLACEMENT_3D('',#1230,#1231,#1232);
#1230 = CARTESIAN_POINT('',(0.,4.511946372077E-14,203.2));
#1231 = DIRECTION('',(4.930380657631E-32,1.,-2.22044604925E-16));
#1232 = DIRECTION('',(-1.110223024625E-16,-2.22044604925E-16,-1.));
#1233 = ORIENTED_EDGE('',*,*,#535,.T.);
#1234 = ORIENTED_EDGE('',*,*,#1235,.F.);
#1235 = EDGE_CURVE('',#867,#538,#1236,.T.);
#1236 = CIRCLE('',#1237,19.05);
#1237 = AXIS2_PLACEMENT_3D('',#1238,#1239,#1240);
#1238 = CARTESIAN_POINT('',(-3.005560048892E-29,-609.6,203.2));
#1239 = DIRECTION('',(4.930380657631E-32,1.,-2.22044604925E-16));
#1240 = DIRECTION('',(-1.110223024625E-16,-2.22044604925E-16,-1.));
#1241 = CYLINDRICAL_SURFACE('',#1242,19.05);
#1242 = AXIS2_PLACEMENT_3D('',#1243,#1244,#1245);
#1243 = CARTESIAN_POINT('',(0.,4.511946372077E-14,203.2));
#1244 = DIRECTION('',(-4.930380657631E-32,-1.,2.22044604925E-16));
#1245 = DIRECTION('',(-1.110223024625E-16,-2.22044604925E-16,-1.));
#1246 = ADVANCED_FACE('',(#1247),#1252,.T.);
#1247 = FACE_BOUND('',#1248,.T.);
#1248 = EDGE_LOOP('',(#1249,#1250,#1251));
#1249 = ORIENTED_EDGE('',*,*,#1235,.F.);
#1250 = ORIENTED_EDGE('',*,*,#866,.T.);
#1251 = ORIENTED_EDGE('',*,*,#603,.F.);
#1252 = SPHERICAL_SURFACE('',#1253,19.05);
#1253 = AXIS2_PLACEMENT_3D('',#1254,#1255,#1256);
#1254 = CARTESIAN_POINT('',(0.,-609.6,203.2));
#1255 = DIRECTION('',(-0.707106781187,0.707106781187,-4.219881043812E-15
    ));
#1256 = DIRECTION('',(0.57735026919,0.57735026919,-0.57735026919));
#1257 = ADVANCED_FACE('',(#1258),#1269,.T.);
#1258 = FACE_BOUND('',#1259,.T.);
#1259 = EDGE_LOOP('',(#1260,#1267,#1268));
#1260 = ORIENTED_EDGE('',*,*,#1261,.F.);
#1261 = EDGE_CURVE('',#645,#670,#1262,.T.);
#1262 = CIRCLE('',#1263,19.05);
#1263 = AXIS2_PLACEMENT_3D('',#1264,#1265,#1266);
#1264 = CARTESIAN_POINT('',(762.,-609.6,1.1684E+03));
#1265 = DIRECTION('',(4.930380657631E-32,1.,-2.22044604925E-16));
#1266 = DIRECTION('',(-1.110223024625E-16,-2.22044604925E-16,-1.));
#1267 = ORIENTED_EDGE('',*,*,#644,.T.);
#1268 = ORIENTED_EDGE('',*,*,#679,.F.);
#1269 = SPHERICAL_SURFACE('',#1270,19.05);
#1270 = AXIS2_PLACEMENT_3D('',#1271,#1272,#1273);
#1271 = CARTESIAN_POINT('',(762.,-609.6,1.1684E+03));
#1272 = DIRECTION('',(7.900308301657E-15,-0.749583460084,-0.66190984006)
  );
#1273 = DIRECTION('',(0.475332270107,0.582352487746,-0.659488296341));
#1274 = ADVANCED_FACE('',(#1275),#1286,.T.);
#1275 = FACE_BOUND('',#1276,.T.);
#1276 = EDGE_LOOP('',(#1277,#1283,#1284,#1285));
#1277 = ORIENTED_EDGE('',*,*,#1278,.F.);
#1278 = EDGE_CURVE('',#1101,#645,#1279,.T.);
#1279 = LINE('',#1280,#1281);
#1280 = CARTESIAN_POINT('',(742.95,2.594369163944E-13,1.1684E+03));
#1281 = VECTOR('',#1282,1.);
#1282 = DIRECTION('',(0.,-1.,2.22044604925E-16));
#1283 = ORIENTED_EDGE('',*,*,#1109,.F.);
#1284 = ORIENTED_EDGE('',*,*,#892,.T.);
#1285 = ORIENTED_EDGE('',*,*,#653,.T.);
#1286 = PLANE('',#1287);
#1287 = AXIS2_PLACEMENT_3D('',#1288,#1289,#1290);
#1288 = CARTESIAN_POINT('',(742.95,1.353583911623E-13,609.6));
#1289 = DIRECTION('',(-1.,-0.,0.));
#1290 = DIRECTION('',(0.,2.22044604925E-16,1.));
#1291 = ADVANCED_FACE('',(#1292),#1308,.T.);
#1292 = FACE_BOUND('',#1293,.T.);
#1293 = EDGE_LOOP('',(#1294,#1295,#1301,#1302));
#1294 = ORIENTED_EDGE('',*,*,#1033,.F.);
#1295 = ORIENTED_EDGE('',*,*,#1296,.T.);
#1296 = EDGE_CURVE('',#1034,#670,#1297,.T.);
#1297 = LINE('',#1298,#1299);
#1298 = CARTESIAN_POINT('',(768.02413894262,2.63449799049E-13,
    1.186472416828E+03));
#1299 = VECTOR('',#1300,1.);
#1300 = DIRECTION('',(0.,-1.,2.22044604925E-16));
#1301 = ORIENTED_EDGE('',*,*,#669,.T.);
#1302 = ORIENTED_EDGE('',*,*,#1303,.T.);
#1303 = EDGE_CURVE('',#672,#1036,#1304,.T.);
#1304 = LINE('',#1305,#1306);
#1305 = CARTESIAN_POINT('',(1.04775E+03,-152.4,1.093230463142E+03));
#1306 = VECTOR('',#1307,1.);
#1307 = DIRECTION('',(0.,1.,-2.22044604925E-16));
#1308 = PLANE('',#1309);
#1309 = AXIS2_PLACEMENT_3D('',#1310,#1311,#1312);
#1310 = CARTESIAN_POINT('',(768.02413894262,2.63449799049E-13,
    1.186472416828E+03));
#1311 = DIRECTION('',(0.316227766017,2.106500081146E-16,0.948683298051)
  );
#1312 = DIRECTION('',(0.948683298051,-7.021666937153E-17,-0.316227766017
    ));
#1313 = ADVANCED_FACE('',(#1314),#1339,.T.);
#1314 = FACE_BOUND('',#1315,.T.);
#1315 = EDGE_LOOP('',(#1316,#1324,#1332,#1338));
#1316 = ORIENTED_EDGE('',*,*,#1317,.F.);
#1317 = EDGE_CURVE('',#1318,#697,#1320,.T.);
#1318 = VERTEX_POINT('',#1319);
#1319 = CARTESIAN_POINT('',(1.0668E+03,-609.6,1.1049E+03));
#1320 = LINE('',#1321,#1322);
#1321 = CARTESIAN_POINT('',(1.0668E+03,-609.6,1.1049E+03));
#1322 = VECTOR('',#1323,1.);
#1323 = DIRECTION('',(0.,0.,-1.));
#1324 = ORIENTED_EDGE('',*,*,#1325,.T.);
#1325 = EDGE_CURVE('',#1318,#1326,#1328,.T.);
#1326 = VERTEX_POINT('',#1327);
#1327 = CARTESIAN_POINT('',(1.04775E+03,-609.6,1.1049E+03));
#1328 = LINE('',#1329,#1330);
#1329 = CARTESIAN_POINT('',(1.0668E+03,-609.6,1.1049E+03));
#1330 = VECTOR('',#1331,1.);
#1331 = DIRECTION('',(-1.,-0.,-0.));
#1332 = ORIENTED_EDGE('',*,*,#1333,.T.);
#1333 = EDGE_CURVE('',#1326,#672,#1334,.T.);
#1334 = LINE('',#1335,#1336);
#1335 = CARTESIAN_POINT('',(1.04775E+03,-609.6,1.1049E+03));
#1336 = VECTOR('',#1337,1.);
#1337 = DIRECTION('',(0.,0.,-1.));
#1338 = ORIENTED_EDGE('',*,*,#704,.T.);
#1339 = PLANE('',#1340);
#1340 = AXIS2_PLACEMENT_3D('',#1341,#1342,#1343);
#1341 = CARTESIAN_POINT('',(1.0668E+03,-609.6,1.1049E+03));
#1342 = DIRECTION('',(0.,-1.,0.));
#1343 = DIRECTION('',(0.,0.,-1.));
#1344 = ADVANCED_FACE('',(#1345),#1361,.T.);
#1345 = FACE_BOUND('',#1346,.T.);
#1346 = EDGE_LOOP('',(#1347,#1348,#1354,#1355));
#1347 = ORIENTED_EDGE('',*,*,#1060,.F.);
#1348 = ORIENTED_EDGE('',*,*,#1349,.F.);
#1349 = EDGE_CURVE('',#697,#1061,#1350,.T.);
#1350 = LINE('',#1351,#1352);
#1351 = CARTESIAN_POINT('',(1.0668E+03,-152.4,1.086880463142E+03));
#1352 = VECTOR('',#1353,1.);
#1353 = DIRECTION('',(0.,1.,-2.22044604925E-16));
#1354 = ORIENTED_EDGE('',*,*,#696,.T.);
#1355 = ORIENTED_EDGE('',*,*,#1356,.F.);
#1356 = EDGE_CURVE('',#1052,#688,#1357,.T.);
#1357 = LINE('',#1358,#1359);
#1358 = CARTESIAN_POINT('',(1.072824138943E+03,2.408900671886E-13,
    1.084872416828E+03));
#1359 = VECTOR('',#1360,1.);
#1360 = DIRECTION('',(0.,-1.,2.22044604925E-16));
#1361 = PLANE('',#1362);
#1362 = AXIS2_PLACEMENT_3D('',#1363,#1364,#1365);
#1363 = CARTESIAN_POINT('',(768.02413894262,2.63449799049E-13,
    1.186472416828E+03));
#1364 = DIRECTION('',(0.316227766017,2.106500081146E-16,0.948683298051)
  );
#1365 = DIRECTION('',(0.948683298051,-7.021666937153E-17,-0.316227766017
    ));
#1366 = ADVANCED_FACE('',(#1367),#1378,.T.);
#1367 = FACE_BOUND('',#1368,.T.);
#1368 = EDGE_LOOP('',(#1369,#1376,#1377));
#1369 = ORIENTED_EDGE('',*,*,#1370,.F.);
#1370 = EDGE_CURVE('',#688,#729,#1371,.T.);
#1371 = CIRCLE('',#1372,19.05);
#1372 = AXIS2_PLACEMENT_3D('',#1373,#1374,#1375);
#1373 = CARTESIAN_POINT('',(1.0668E+03,-609.6,1.0668E+03));
#1374 = DIRECTION('',(4.930380657631E-32,1.,-2.22044604925E-16));
#1375 = DIRECTION('',(-0.948683298051,7.021666937153E-17,0.316227766017)
  );
#1376 = ORIENTED_EDGE('',*,*,#687,.T.);
#1377 = ORIENTED_EDGE('',*,*,#736,.F.);
#1378 = SPHERICAL_SURFACE('',#1379,19.05);
#1379 = AXIS2_PLACEMENT_3D('',#1380,#1381,#1382);
#1380 = CARTESIAN_POINT('',(1.0668E+03,-609.6,1.0668E+03));
#1381 = DIRECTION('',(9.246513721165E-15,0.632330573471,0.774698680684)
  );
#1382 = DIRECTION('',(-0.659488296341,0.582352487746,-0.475332270107));
#1383 = ADVANCED_FACE('',(#1384,#1418,#1452),#1486,.T.);
#1384 = FACE_BOUND('',#1385,.T.);
#1385 = EDGE_LOOP('',(#1386,#1387,#1393,#1394,#1395,#1403,#1411,#1417));
#1386 = ORIENTED_EDGE('',*,*,#1010,.F.);
#1387 = ORIENTED_EDGE('',*,*,#1388,.T.);
#1388 = EDGE_CURVE('',#1011,#729,#1389,.T.);
#1389 = LINE('',#1390,#1391);
#1390 = CARTESIAN_POINT('',(1.08585E+03,2.36877184534E-13,1.0668E+03));
#1391 = VECTOR('',#1392,1.);
#1392 = DIRECTION('',(0.,-1.,2.22044604925E-16));
#1393 = ORIENTED_EDGE('',*,*,#728,.T.);
#1394 = ORIENTED_EDGE('',*,*,#801,.F.);
#1395 = ORIENTED_EDGE('',*,*,#1396,.T.);
#1396 = EDGE_CURVE('',#794,#1397,#1399,.T.);
#1397 = VERTEX_POINT('',#1398);
#1398 = CARTESIAN_POINT('',(1.08585E+03,-590.55,330.2));
#1399 = LINE('',#1400,#1401);
#1400 = CARTESIAN_POINT('',(1.08585E+03,-590.55,698.5));
#1401 = VECTOR('',#1402,1.);
#1402 = DIRECTION('',(0.,0.,1.));
#1403 = ORIENTED_EDGE('',*,*,#1404,.T.);
#1404 = EDGE_CURVE('',#1397,#1405,#1407,.T.);
#1405 = VERTEX_POINT('',#1406);
#1406 = CARTESIAN_POINT('',(1.08585E+03,-19.05,330.2));
#1407 = LINE('',#1408,#1409);
#1408 = CARTESIAN_POINT('',(1.08585E+03,-9.525,330.2));
#1409 = VECTOR('',#1410,1.);
#1410 = DIRECTION('',(0.,1.,0.));
#1411 = ORIENTED_EDGE('',*,*,#1412,.T.);
#1412 = EDGE_CURVE('',#1405,#844,#1413,.T.);
#1413 = LINE('',#1414,#1415);
#1414 = CARTESIAN_POINT('',(1.08585E+03,-19.05,533.4));
#1415 = VECTOR('',#1416,1.);
#1416 = DIRECTION('',(0.,1.291113390236E-16,-1.));
#1417 = ORIENTED_EDGE('',*,*,#843,.F.);
#1418 = FACE_BOUND('',#1419,.T.);
#1419 = EDGE_LOOP('',(#1420,#1430,#1438,#1446));
#1420 = ORIENTED_EDGE('',*,*,#1421,.T.);
#1421 = EDGE_CURVE('',#1422,#1424,#1426,.T.);
#1422 = VERTEX_POINT('',#1423);
#1423 = CARTESIAN_POINT('',(1.08585E+03,-19.05,1.016E+03));
#1424 = VERTEX_POINT('',#1425);
#1425 = CARTESIAN_POINT('',(1.08585E+03,-19.05,692.15));
#1426 = LINE('',#1427,#1428);
#1427 = CARTESIAN_POINT('',(1.08585E+03,-19.05,879.475));
#1428 = VECTOR('',#1429,1.);
#1429 = DIRECTION('',(0.,1.316429339065E-16,-1.));
#1430 = ORIENTED_EDGE('',*,*,#1431,.T.);
#1431 = EDGE_CURVE('',#1424,#1432,#1434,.T.);
#1432 = VERTEX_POINT('',#1433);
#1433 = CARTESIAN_POINT('',(1.08585E+03,-590.55,692.15));
#1434 = LINE('',#1435,#1436);
#1435 = CARTESIAN_POINT('',(1.08585E+03,-295.275,692.15));
#1436 = VECTOR('',#1437,1.);
#1437 = DIRECTION('',(0.,-1.,0.));
#1438 = ORIENTED_EDGE('',*,*,#1439,.T.);
#1439 = EDGE_CURVE('',#1432,#1440,#1442,.T.);
#1440 = VERTEX_POINT('',#1441);
#1441 = CARTESIAN_POINT('',(1.08585E+03,-590.55,1.016E+03));
#1442 = LINE('',#1443,#1444);
#1443 = CARTESIAN_POINT('',(1.08585E+03,-590.55,1.0414E+03));
#1444 = VECTOR('',#1445,1.);
#1445 = DIRECTION('',(0.,0.,1.));
#1446 = ORIENTED_EDGE('',*,*,#1447,.T.);
#1447 = EDGE_CURVE('',#1440,#1422,#1448,.T.);
#1448 = LINE('',#1449,#1450);
#1449 = CARTESIAN_POINT('',(1.08585E+03,-9.525,1.016E+03));
#1450 = VECTOR('',#1451,1.);
#1451 = DIRECTION('',(0.,1.,0.));
#1452 = FACE_BOUND('',#1453,.T.);
#1453 = EDGE_LOOP('',(#1454,#1464,#1472,#1480));
#1454 = ORIENTED_EDGE('',*,*,#1455,.T.);
#1455 = EDGE_CURVE('',#1456,#1458,#1460,.T.);
#1456 = VERTEX_POINT('',#1457);
#1457 = CARTESIAN_POINT('',(1.08585E+03,-19.05,673.1));
#1458 = VERTEX_POINT('',#1459);
#1459 = CARTESIAN_POINT('',(1.08585E+03,-19.05,349.25));
#1460 = LINE('',#1461,#1462);
#1461 = CARTESIAN_POINT('',(1.08585E+03,-19.05,708.025));
#1462 = VECTOR('',#1463,1.);
#1463 = DIRECTION('',(0.,1.316429339065E-16,-1.));
#1464 = ORIENTED_EDGE('',*,*,#1465,.T.);
#1465 = EDGE_CURVE('',#1458,#1466,#1468,.T.);
#1466 = VERTEX_POINT('',#1467);
#1467 = CARTESIAN_POINT('',(1.08585E+03,-590.55,349.25));
#1468 = LINE('',#1469,#1470);
#1469 = CARTESIAN_POINT('',(1.08585E+03,-295.275,349.25));
#1470 = VECTOR('',#1471,1.);
#1471 = DIRECTION('',(0.,-1.,0.));
#1472 = ORIENTED_EDGE('',*,*,#1473,.T.);
#1473 = EDGE_CURVE('',#1466,#1474,#1476,.T.);
#1474 = VERTEX_POINT('',#1475);
#1475 = CARTESIAN_POINT('',(1.08585E+03,-590.55,673.1));
#1476 = LINE('',#1477,#1478);
#1477 = CARTESIAN_POINT('',(1.08585E+03,-590.55,869.95));
#1478 = VECTOR('',#1479,1.);
#1479 = DIRECTION('',(0.,0.,1.));
#1480 = ORIENTED_EDGE('',*,*,#1481,.T.);
#1481 = EDGE_CURVE('',#1474,#1456,#1482,.T.);
#1482 = LINE('',#1483,#1484);
#1483 = CARTESIAN_POINT('',(1.08585E+03,-9.525,673.1));
#1484 = VECTOR('',#1485,1.);
#1485 = DIRECTION('',(0.,1.,0.));
#1486 = PLANE('',#1487);
#1487 = AXIS2_PLACEMENT_3D('',#1488,#1489,#1490);
#1488 = CARTESIAN_POINT('',(1.08585E+03,2.36877184534E-13,1.0668E+03));
#1489 = DIRECTION('',(1.,0.,0.));
#1490 = DIRECTION('',(0.,-2.22044604925E-16,-1.));
#1491 = ADVANCED_FACE('',(#1492,#1540,#1574),#1608,.F.);
#1492 = FACE_BOUND('',#1493,.F.);
#1493 = EDGE_LOOP('',(#1494,#1502,#1510,#1516,#1517,#1525,#1533,#1539));
#1494 = ORIENTED_EDGE('',*,*,#1495,.F.);
#1495 = EDGE_CURVE('',#1496,#752,#1498,.T.);
#1496 = VERTEX_POINT('',#1497);
#1497 = CARTESIAN_POINT('',(1.0668E+03,1.18438592267E-13,1.0668E+03));
#1498 = LINE('',#1499,#1500);
#1499 = CARTESIAN_POINT('',(1.0668E+03,2.36877184534E-13,1.0668E+03));
#1500 = VECTOR('',#1501,1.);
#1501 = DIRECTION('',(0.,-2.22044604925E-16,-1.));
#1502 = ORIENTED_EDGE('',*,*,#1503,.T.);
#1503 = EDGE_CURVE('',#1496,#1504,#1506,.T.);
#1504 = VERTEX_POINT('',#1505);
#1505 = CARTESIAN_POINT('',(1.0668E+03,-609.6,1.0668E+03));
#1506 = LINE('',#1507,#1508);
#1507 = CARTESIAN_POINT('',(1.0668E+03,2.36877184534E-13,1.0668E+03));
#1508 = VECTOR('',#1509,1.);
#1509 = DIRECTION('',(0.,-1.,2.22044604925E-16));
#1510 = ORIENTED_EDGE('',*,*,#1511,.T.);
#1511 = EDGE_CURVE('',#1504,#778,#1512,.T.);
#1512 = LINE('',#1513,#1514);
#1513 = CARTESIAN_POINT('',(1.0668E+03,-609.6,1.0668E+03));
#1514 = VECTOR('',#1515,1.);
#1515 = DIRECTION('',(0.,-2.22044604925E-16,-1.));
#1516 = ORIENTED_EDGE('',*,*,#785,.F.);
#1517 = ORIENTED_EDGE('',*,*,#1518,.F.);
#1518 = EDGE_CURVE('',#1519,#786,#1521,.T.);
#1519 = VERTEX_POINT('',#1520);
#1520 = CARTESIAN_POINT('',(1.0668E+03,-590.55,330.2));
#1521 = LINE('',#1522,#1523);
#1522 = CARTESIAN_POINT('',(1.0668E+03,-590.55,330.2));
#1523 = VECTOR('',#1524,1.);
#1524 = DIRECTION('',(0.,0.,-1.));
#1525 = ORIENTED_EDGE('',*,*,#1526,.F.);
#1526 = EDGE_CURVE('',#1527,#1519,#1529,.T.);
#1527 = VERTEX_POINT('',#1528);
#1528 = CARTESIAN_POINT('',(1.0668E+03,-19.05,330.2));
#1529 = LINE('',#1530,#1531);
#1530 = CARTESIAN_POINT('',(1.0668E+03,-19.05,330.2));
#1531 = VECTOR('',#1532,1.);
#1532 = DIRECTION('',(0.,-1.,0.));
#1533 = ORIENTED_EDGE('',*,*,#1534,.F.);
#1534 = EDGE_CURVE('',#754,#1527,#1535,.T.);
#1535 = LINE('',#1536,#1537);
#1536 = CARTESIAN_POINT('',(1.0668E+03,-19.05,0.));
#1537 = VECTOR('',#1538,1.);
#1538 = DIRECTION('',(0.,-1.291113390236E-16,1.));
#1539 = ORIENTED_EDGE('',*,*,#751,.F.);
#1540 = FACE_BOUND('',#1541,.F.);
#1541 = EDGE_LOOP('',(#1542,#1552,#1560,#1568));
#1542 = ORIENTED_EDGE('',*,*,#1543,.F.);
#1543 = EDGE_CURVE('',#1544,#1546,#1548,.T.);
#1544 = VERTEX_POINT('',#1545);
#1545 = CARTESIAN_POINT('',(1.0668E+03,-590.55,692.15));
#1546 = VERTEX_POINT('',#1547);
#1547 = CARTESIAN_POINT('',(1.0668E+03,-19.05,692.15));
#1548 = LINE('',#1549,#1550);
#1549 = CARTESIAN_POINT('',(1.0668E+03,-590.55,692.15));
#1550 = VECTOR('',#1551,1.);
#1551 = DIRECTION('',(0.,1.,0.));
#1552 = ORIENTED_EDGE('',*,*,#1553,.F.);
#1553 = EDGE_CURVE('',#1554,#1544,#1556,.T.);
#1554 = VERTEX_POINT('',#1555);
#1555 = CARTESIAN_POINT('',(1.0668E+03,-590.55,1.016E+03));
#1556 = LINE('',#1557,#1558);
#1557 = CARTESIAN_POINT('',(1.0668E+03,-590.55,1.016E+03));
#1558 = VECTOR('',#1559,1.);
#1559 = DIRECTION('',(0.,0.,-1.));
#1560 = ORIENTED_EDGE('',*,*,#1561,.F.);
#1561 = EDGE_CURVE('',#1562,#1554,#1564,.T.);
#1562 = VERTEX_POINT('',#1563);
#1563 = CARTESIAN_POINT('',(1.0668E+03,-19.05,1.016E+03));
#1564 = LINE('',#1565,#1566);
#1565 = CARTESIAN_POINT('',(1.0668E+03,-19.05,1.016E+03));
#1566 = VECTOR('',#1567,1.);
#1567 = DIRECTION('',(0.,-1.,0.));
#1568 = ORIENTED_EDGE('',*,*,#1569,.F.);
#1569 = EDGE_CURVE('',#1546,#1562,#1570,.T.);
#1570 = LINE('',#1571,#1572);
#1571 = CARTESIAN_POINT('',(1.0668E+03,-19.05,692.15));
#1572 = VECTOR('',#1573,1.);
#1573 = DIRECTION('',(0.,-1.316429339065E-16,1.));
#1574 = FACE_BOUND('',#1575,.F.);
#1575 = EDGE_LOOP('',(#1576,#1586,#1594,#1602));
#1576 = ORIENTED_EDGE('',*,*,#1577,.F.);
#1577 = EDGE_CURVE('',#1578,#1580,#1582,.T.);
#1578 = VERTEX_POINT('',#1579);
#1579 = CARTESIAN_POINT('',(1.0668E+03,-590.55,349.25));
#1580 = VERTEX_POINT('',#1581);
#1581 = CARTESIAN_POINT('',(1.0668E+03,-19.05,349.25));
#1582 = LINE('',#1583,#1584);
#1583 = CARTESIAN_POINT('',(1.0668E+03,-590.55,349.25));
#1584 = VECTOR('',#1585,1.);
#1585 = DIRECTION('',(0.,1.,0.));
#1586 = ORIENTED_EDGE('',*,*,#1587,.F.);
#1587 = EDGE_CURVE('',#1588,#1578,#1590,.T.);
#1588 = VERTEX_POINT('',#1589);
#1589 = CARTESIAN_POINT('',(1.0668E+03,-590.55,673.1));
#1590 = LINE('',#1591,#1592);
#1591 = CARTESIAN_POINT('',(1.0668E+03,-590.55,673.1));
#1592 = VECTOR('',#1593,1.);
#1593 = DIRECTION('',(0.,0.,-1.));
#1594 = ORIENTED_EDGE('',*,*,#1595,.F.);
#1595 = EDGE_CURVE('',#1596,#1588,#1598,.T.);
#1596 = VERTEX_POINT('',#1597);
#1597 = CARTESIAN_POINT('',(1.0668E+03,-19.05,673.1));
#1598 = LINE('',#1599,#1600);
#1599 = CARTESIAN_POINT('',(1.0668E+03,-19.05,673.1));
#1600 = VECTOR('',#1601,1.);
#1601 = DIRECTION('',(0.,-1.,0.));
#1602 = ORIENTED_EDGE('',*,*,#1603,.F.);
#1603 = EDGE_CURVE('',#1580,#1596,#1604,.T.);
#1604 = LINE('',#1605,#1606);
#1605 = CARTESIAN_POINT('',(1.0668E+03,-19.05,349.25));
#1606 = VECTOR('',#1607,1.);
#1607 = DIRECTION('',(0.,-1.316429339065E-16,1.));
#1608 = PLANE('',#1609);
#1609 = AXIS2_PLACEMENT_3D('',#1610,#1611,#1612);
#1610 = CARTESIAN_POINT('',(1.0668E+03,2.36877184534E-13,1.0668E+03));
#1611 = DIRECTION('',(1.,0.,0.));
#1612 = DIRECTION('',(0.,-2.22044604925E-16,-1.));
#1613 = ADVANCED_FACE('',(#1614),#1625,.T.);
#1614 = FACE_BOUND('',#1615,.T.);
#1615 = EDGE_LOOP('',(#1616,#1617,#1618,#1619));
#1616 = ORIENTED_EDGE('',*,*,#1534,.F.);
#1617 = ORIENTED_EDGE('',*,*,#851,.T.);
#1618 = ORIENTED_EDGE('',*,*,#1412,.F.);
#1619 = ORIENTED_EDGE('',*,*,#1620,.F.);
#1620 = EDGE_CURVE('',#1527,#1405,#1621,.T.);
#1621 = LINE('',#1622,#1623);
#1622 = CARTESIAN_POINT('',(1.0668E+03,-19.05,330.2));
#1623 = VECTOR('',#1624,1.);
#1624 = DIRECTION('',(1.,0.,0.));
#1625 = PLANE('',#1626);
#1626 = AXIS2_PLACEMENT_3D('',#1627,#1628,#1629);
#1627 = CARTESIAN_POINT('',(1.0668E+03,-19.05,0.));
#1628 = DIRECTION('',(0.,-1.,-1.291113390236E-16));
#1629 = DIRECTION('',(0.,-1.291113390236E-16,1.));
#1630 = ADVANCED_FACE('',(#1631),#1637,.T.);
#1631 = FACE_BOUND('',#1632,.T.);
#1632 = EDGE_LOOP('',(#1633,#1634,#1635,#1636));
#1633 = ORIENTED_EDGE('',*,*,#818,.T.);
#1634 = ORIENTED_EDGE('',*,*,#875,.T.);
#1635 = ORIENTED_EDGE('',*,*,#1221,.F.);
#1636 = ORIENTED_EDGE('',*,*,#993,.F.);
#1637 = PLANE('',#1638);
#1638 = AXIS2_PLACEMENT_3D('',#1639,#1640,#1641);
#1639 = CARTESIAN_POINT('',(-19.05,0.,0.));
#1640 = DIRECTION('',(-1.,-0.,0.));
#1641 = DIRECTION('',(0.,2.22044604925E-16,1.));
#1642 = ADVANCED_FACE('',(#1643),#1654,.T.);
#1643 = FACE_BOUND('',#1644,.T.);
#1644 = EDGE_LOOP('',(#1645,#1646,#1652,#1653));
#1645 = ORIENTED_EDGE('',*,*,#1518,.F.);
#1646 = ORIENTED_EDGE('',*,*,#1647,.T.);
#1647 = EDGE_CURVE('',#1519,#1397,#1648,.T.);
#1648 = LINE('',#1649,#1650);
#1649 = CARTESIAN_POINT('',(1.0668E+03,-590.55,330.2));
#1650 = VECTOR('',#1651,1.);
#1651 = DIRECTION('',(1.,0.,0.));
#1652 = ORIENTED_EDGE('',*,*,#1396,.F.);
#1653 = ORIENTED_EDGE('',*,*,#793,.F.);
#1654 = PLANE('',#1655);
#1655 = AXIS2_PLACEMENT_3D('',#1656,#1657,#1658);
#1656 = CARTESIAN_POINT('',(1.0668E+03,-590.55,330.2));
#1657 = DIRECTION('',(0.,1.,0.));
#1658 = DIRECTION('',(0.,0.,-1.));
#1659 = ADVANCED_FACE('',(#1660),#1742,.T.);
#1660 = FACE_BOUND('',#1661,.T.);
#1661 = EDGE_LOOP('',(#1662,#1663,#1671,#1679,#1687,#1695,#1703,#1711,
    #1719,#1727,#1735,#1741));
#1662 = ORIENTED_EDGE('',*,*,#777,.T.);
#1663 = ORIENTED_EDGE('',*,*,#1664,.T.);
#1664 = EDGE_CURVE('',#770,#1665,#1667,.T.);
#1665 = VERTEX_POINT('',#1666);
#1666 = CARTESIAN_POINT('',(0.,-609.6,203.2));
#1667 = LINE('',#1668,#1669);
#1668 = CARTESIAN_POINT('',(0.,-609.6,1.353583911623E-13));
#1669 = VECTOR('',#1670,1.);
#1670 = DIRECTION('',(0.,2.22044604925E-16,1.));
#1671 = ORIENTED_EDGE('',*,*,#1672,.T.);
#1672 = EDGE_CURVE('',#1665,#1673,#1675,.T.);
#1673 = VERTEX_POINT('',#1674);
#1674 = CARTESIAN_POINT('',(254.,-609.6,203.2));
#1675 = LINE('',#1676,#1677);
#1676 = CARTESIAN_POINT('',(0.,-609.6,203.2));
#1677 = VECTOR('',#1678,1.);
#1678 = DIRECTION('',(1.,0.,0.));
#1679 = ORIENTED_EDGE('',*,*,#1680,.T.);
#1680 = EDGE_CURVE('',#1673,#1681,#1683,.T.);
#1681 = VERTEX_POINT('',#1682);
#1682 = CARTESIAN_POINT('',(254.,-609.6,406.4));
#1683 = LINE('',#1684,#1685);
#1684 = CARTESIAN_POINT('',(254.,-609.6,203.2));
#1685 = VECTOR('',#1686,1.);
#1686 = DIRECTION('',(0.,2.22044604925E-16,1.));
#1687 = ORIENTED_EDGE('',*,*,#1688,.T.);
#1688 = EDGE_CURVE('',#1681,#1689,#1691,.T.);
#1689 = VERTEX_POINT('',#1690);
#1690 = CARTESIAN_POINT('',(508.,-609.6,406.4));
#1691 = LINE('',#1692,#1693);
#1692 = CARTESIAN_POINT('',(254.,-609.6,406.4));
#1693 = VECTOR('',#1694,1.);
#1694 = DIRECTION('',(1.,0.,0.));
#1695 = ORIENTED_EDGE('',*,*,#1696,.T.);
#1696 = EDGE_CURVE('',#1689,#1697,#1699,.T.);
#1697 = VERTEX_POINT('',#1698);
#1698 = CARTESIAN_POINT('',(508.,-609.6,609.6));
#1699 = LINE('',#1700,#1701);
#1700 = CARTESIAN_POINT('',(508.,-609.6,406.4));
#1701 = VECTOR('',#1702,1.);
#1702 = DIRECTION('',(0.,2.22044604925E-16,1.));
#1703 = ORIENTED_EDGE('',*,*,#1704,.T.);
#1704 = EDGE_CURVE('',#1697,#1705,#1707,.T.);
#1705 = VERTEX_POINT('',#1706);
#1706 = CARTESIAN_POINT('',(762.,-609.6,609.6));
#1707 = LINE('',#1708,#1709);
#1708 = CARTESIAN_POINT('',(508.,-609.6,609.6));
#1709 = VECTOR('',#1710,1.);
#1710 = DIRECTION('',(1.,0.,0.));
#1711 = ORIENTED_EDGE('',*,*,#1712,.T.);
#1712 = EDGE_CURVE('',#1705,#1713,#1715,.T.);
#1713 = VERTEX_POINT('',#1714);
#1714 = CARTESIAN_POINT('',(762.,-609.6,1.1684E+03));
#1715 = LINE('',#1716,#1717);
#1716 = CARTESIAN_POINT('',(762.,-609.6,609.6));
#1717 = VECTOR('',#1718,1.);
#1718 = DIRECTION('',(0.,2.22044604925E-16,1.));
#1719 = ORIENTED_EDGE('',*,*,#1720,.T.);
#1720 = EDGE_CURVE('',#1713,#1721,#1723,.T.);
#1721 = VERTEX_POINT('',#1722);
#1722 = CARTESIAN_POINT('',(1.04775E+03,-609.6,1.07315E+03));
#1723 = LINE('',#1724,#1725);
#1724 = CARTESIAN_POINT('',(762.,-609.6,1.1684E+03));
#1725 = VECTOR('',#1726,1.);
#1726 = DIRECTION('',(0.948683298051,-7.021666937153E-17,-0.316227766017
    ));
#1727 = ORIENTED_EDGE('',*,*,#1728,.T.);
#1728 = EDGE_CURVE('',#1721,#1729,#1731,.T.);
#1729 = VERTEX_POINT('',#1730);
#1730 = CARTESIAN_POINT('',(1.04775E+03,-609.6,1.0668E+03));
#1731 = LINE('',#1732,#1733);
#1732 = CARTESIAN_POINT('',(1.04775E+03,-609.6,1.1049E+03));
#1733 = VECTOR('',#1734,1.);
#1734 = DIRECTION('',(0.,0.,-1.));
#1735 = ORIENTED_EDGE('',*,*,#1736,.F.);
#1736 = EDGE_CURVE('',#1504,#1729,#1737,.T.);
#1737 = LINE('',#1738,#1739);
#1738 = CARTESIAN_POINT('',(1.0668E+03,-609.6,1.0668E+03));
#1739 = VECTOR('',#1740,1.);
#1740 = DIRECTION('',(-1.,-0.,-0.));
#1741 = ORIENTED_EDGE('',*,*,#1511,.T.);
#1742 = PLANE('',#1743);
#1743 = AXIS2_PLACEMENT_3D('',#1744,#1745,#1746);
#1744 = CARTESIAN_POINT('',(654.88172137271,-609.6,437.90927026186));
#1745 = DIRECTION('',(0.,1.,-4.930380657631E-32));
#1746 = DIRECTION('',(0.,4.930380657631E-32,1.));
#1747 = ADVANCED_FACE('',(#1748),#1766,.F.);
#1748 = FACE_BOUND('',#1749,.F.);
#1749 = EDGE_LOOP('',(#1750,#1751,#1752,#1760));
#1750 = ORIENTED_EDGE('',*,*,#769,.T.);
#1751 = ORIENTED_EDGE('',*,*,#1664,.T.);
#1752 = ORIENTED_EDGE('',*,*,#1753,.F.);
#1753 = EDGE_CURVE('',#1754,#1665,#1756,.T.);
#1754 = VERTEX_POINT('',#1755);
#1755 = CARTESIAN_POINT('',(0.,4.511946372077E-14,203.2));
#1756 = LINE('',#1757,#1758);
#1757 = CARTESIAN_POINT('',(0.,4.511946372077E-14,203.2));
#1758 = VECTOR('',#1759,1.);
#1759 = DIRECTION('',(0.,-1.,2.22044604925E-16));
#1760 = ORIENTED_EDGE('',*,*,#1761,.F.);
#1761 = EDGE_CURVE('',#762,#1754,#1762,.T.);
#1762 = LINE('',#1763,#1764);
#1763 = CARTESIAN_POINT('',(0.,0.,0.));
#1764 = VECTOR('',#1765,1.);
#1765 = DIRECTION('',(0.,2.22044604925E-16,1.));
#1766 = PLANE('',#1767);
#1767 = AXIS2_PLACEMENT_3D('',#1768,#1769,#1770);
#1768 = CARTESIAN_POINT('',(0.,0.,0.));
#1769 = DIRECTION('',(-1.,-0.,0.));
#1770 = DIRECTION('',(0.,2.22044604925E-16,1.));
#1771 = ADVANCED_FACE('',(#1772,#1847),#1853,.F.);
#1772 = FACE_BOUND('',#1773,.F.);
#1773 = EDGE_LOOP('',(#1774,#1775,#1776,#1784,#1792,#1800,#1808,#1816,
    #1824,#1832,#1840,#1846));
#1774 = ORIENTED_EDGE('',*,*,#761,.T.);
#1775 = ORIENTED_EDGE('',*,*,#1761,.T.);
#1776 = ORIENTED_EDGE('',*,*,#1777,.T.);
#1777 = EDGE_CURVE('',#1754,#1778,#1780,.T.);
#1778 = VERTEX_POINT('',#1779);
#1779 = CARTESIAN_POINT('',(254.,4.511946372077E-14,203.2));
#1780 = LINE('',#1781,#1782);
#1781 = CARTESIAN_POINT('',(0.,4.511946372077E-14,203.2));
#1782 = VECTOR('',#1783,1.);
#1783 = DIRECTION('',(1.,0.,0.));
#1784 = ORIENTED_EDGE('',*,*,#1785,.T.);
#1785 = EDGE_CURVE('',#1778,#1786,#1788,.T.);
#1786 = VERTEX_POINT('',#1787);
#1787 = CARTESIAN_POINT('',(254.,9.023892744153E-14,406.4));
#1788 = LINE('',#1789,#1790);
#1789 = CARTESIAN_POINT('',(254.,4.511946372077E-14,203.2));
#1790 = VECTOR('',#1791,1.);
#1791 = DIRECTION('',(0.,2.22044604925E-16,1.));
#1792 = ORIENTED_EDGE('',*,*,#1793,.T.);
#1793 = EDGE_CURVE('',#1786,#1794,#1796,.T.);
#1794 = VERTEX_POINT('',#1795);
#1795 = CARTESIAN_POINT('',(508.,9.023892744153E-14,406.4));
#1796 = LINE('',#1797,#1798);
#1797 = CARTESIAN_POINT('',(254.,9.023892744153E-14,406.4));
#1798 = VECTOR('',#1799,1.);
#1799 = DIRECTION('',(1.,0.,0.));
#1800 = ORIENTED_EDGE('',*,*,#1801,.T.);
#1801 = EDGE_CURVE('',#1794,#1802,#1804,.T.);
#1802 = VERTEX_POINT('',#1803);
#1803 = CARTESIAN_POINT('',(508.,1.353583911623E-13,609.6));
#1804 = LINE('',#1805,#1806);
#1805 = CARTESIAN_POINT('',(508.,9.023892744153E-14,406.4));
#1806 = VECTOR('',#1807,1.);
#1807 = DIRECTION('',(0.,2.22044604925E-16,1.));
#1808 = ORIENTED_EDGE('',*,*,#1809,.T.);
#1809 = EDGE_CURVE('',#1802,#1810,#1812,.T.);
#1810 = VERTEX_POINT('',#1811);
#1811 = CARTESIAN_POINT('',(762.,1.353583911623E-13,609.6));
#1812 = LINE('',#1813,#1814);
#1813 = CARTESIAN_POINT('',(508.,1.353583911623E-13,609.6));
#1814 = VECTOR('',#1815,1.);
#1815 = DIRECTION('',(1.,0.,0.));
#1816 = ORIENTED_EDGE('',*,*,#1817,.T.);
#1817 = EDGE_CURVE('',#1810,#1818,#1820,.T.);
#1818 = VERTEX_POINT('',#1819);
#1819 = CARTESIAN_POINT('',(762.,2.594369163944E-13,1.1684E+03));
#1820 = LINE('',#1821,#1822);
#1821 = CARTESIAN_POINT('',(762.,1.353583911623E-13,609.6));
#1822 = VECTOR('',#1823,1.);
#1823 = DIRECTION('',(0.,2.22044604925E-16,1.));
#1824 = ORIENTED_EDGE('',*,*,#1825,.T.);
#1825 = EDGE_CURVE('',#1818,#1826,#1828,.T.);
#1826 = VERTEX_POINT('',#1827);
#1827 = CARTESIAN_POINT('',(1.04775E+03,1.191435838876E-13,1.07315E+03)
  );
#1828 = LINE('',#1829,#1830);
#1829 = CARTESIAN_POINT('',(762.,2.594369163944E-13,1.1684E+03));
#1830 = VECTOR('',#1831,1.);
#1831 = DIRECTION('',(0.948683298051,-7.021666937153E-17,-0.316227766017
    ));
#1832 = ORIENTED_EDGE('',*,*,#1833,.F.);
#1833 = EDGE_CURVE('',#1834,#1826,#1836,.T.);
#1834 = VERTEX_POINT('',#1835);
#1835 = CARTESIAN_POINT('',(1.04775E+03,0.,1.0668E+03));
#1836 = LINE('',#1837,#1838);
#1837 = CARTESIAN_POINT('',(1.04775E+03,0.,1.0668E+03));
#1838 = VECTOR('',#1839,1.);
#1839 = DIRECTION('',(0.,0.,1.));
#1840 = ORIENTED_EDGE('',*,*,#1841,.F.);
#1841 = EDGE_CURVE('',#1496,#1834,#1842,.T.);
#1842 = LINE('',#1843,#1844);
#1843 = CARTESIAN_POINT('',(1.0668E+03,0.,1.0668E+03));
#1844 = VECTOR('',#1845,1.);
#1845 = DIRECTION('',(-1.,-0.,-0.));
#1846 = ORIENTED_EDGE('',*,*,#1495,.T.);
#1847 = FACE_BOUND('',#1848,.F.);
#1848 = EDGE_LOOP('',(#1849,#1850,#1851,#1852));
#1849 = ORIENTED_EDGE('',*,*,#1156,.T.);
#1850 = ORIENTED_EDGE('',*,*,#1125,.T.);
#1851 = ORIENTED_EDGE('',*,*,#1204,.T.);
#1852 = ORIENTED_EDGE('',*,*,#1180,.T.);
#1853 = PLANE('',#1854);
#1854 = AXIS2_PLACEMENT_3D('',#1855,#1856,#1857);
#1855 = CARTESIAN_POINT('',(654.88172137271,9.72353909083E-14,
    437.90927026186));
#1856 = DIRECTION('',(0.,1.,-4.930380657631E-32));
#1857 = DIRECTION('',(0.,4.930380657631E-32,1.));
#1858 = ADVANCED_FACE('',(#1859),#1884,.F.);
#1859 = FACE_BOUND('',#1860,.F.);
#1860 = EDGE_LOOP('',(#1861,#1862,#1870,#1878));
#1861 = ORIENTED_EDGE('',*,*,#908,.T.);
#1862 = ORIENTED_EDGE('',*,*,#1863,.T.);
#1863 = EDGE_CURVE('',#911,#1864,#1866,.T.);
#1864 = VERTEX_POINT('',#1865);
#1865 = CARTESIAN_POINT('',(565.15,-44.45,1.524E+03));
#1866 = LINE('',#1867,#1868);
#1867 = CARTESIAN_POINT('',(565.15,-44.45,609.6));
#1868 = VECTOR('',#1869,1.);
#1869 = DIRECTION('',(0.,0.,1.));
#1870 = ORIENTED_EDGE('',*,*,#1871,.T.);
#1871 = EDGE_CURVE('',#1864,#1872,#1874,.T.);
#1872 = VERTEX_POINT('',#1873);
#1873 = CARTESIAN_POINT('',(565.15,-6.35,1.524E+03));
#1874 = LINE('',#1875,#1876);
#1875 = CARTESIAN_POINT('',(565.15,-44.45,1.524E+03));
#1876 = VECTOR('',#1877,1.);
#1877 = DIRECTION('',(0.,1.,0.));
#1878 = ORIENTED_EDGE('',*,*,#1879,.F.);
#1879 = EDGE_CURVE('',#909,#1872,#1880,.T.);
#1880 = LINE('',#1881,#1882);
#1881 = CARTESIAN_POINT('',(565.15,-6.35,609.6));
#1882 = VECTOR('',#1883,1.);
#1883 = DIRECTION('',(0.,0.,1.));
#1884 = PLANE('',#1885);
#1885 = AXIS2_PLACEMENT_3D('',#1886,#1887,#1888);
#1886 = CARTESIAN_POINT('',(565.15,-44.45,609.6));
#1887 = DIRECTION('',(-1.,0.,0.));
#1888 = DIRECTION('',(0.,1.,0.));
#1889 = ADVANCED_FACE('',(#1890),#1908,.F.);
#1890 = FACE_BOUND('',#1891,.F.);
#1891 = EDGE_LOOP('',(#1892,#1893,#1894,#1902));
#1892 = ORIENTED_EDGE('',*,*,#934,.T.);
#1893 = ORIENTED_EDGE('',*,*,#1879,.T.);
#1894 = ORIENTED_EDGE('',*,*,#1895,.T.);
#1895 = EDGE_CURVE('',#1872,#1896,#1898,.T.);
#1896 = VERTEX_POINT('',#1897);
#1897 = CARTESIAN_POINT('',(527.05,-6.35,1.524E+03));
#1898 = LINE('',#1899,#1900);
#1899 = CARTESIAN_POINT('',(565.15,-6.35,1.524E+03));
#1900 = VECTOR('',#1901,1.);
#1901 = DIRECTION('',(-1.,4.662353909187E-17,0.));
#1902 = ORIENTED_EDGE('',*,*,#1903,.F.);
#1903 = EDGE_CURVE('',#927,#1896,#1904,.T.);
#1904 = LINE('',#1905,#1906);
#1905 = CARTESIAN_POINT('',(527.05,-6.35,609.6));
#1906 = VECTOR('',#1907,1.);
#1907 = DIRECTION('',(0.,0.,1.));
#1908 = PLANE('',#1909);
#1909 = AXIS2_PLACEMENT_3D('',#1910,#1911,#1912);
#1910 = CARTESIAN_POINT('',(565.15,-6.35,609.6));
#1911 = DIRECTION('',(-4.662353909187E-17,-1.,0.));
#1912 = DIRECTION('',(-1.,4.662353909187E-17,0.));
#1913 = ADVANCED_FACE('',(#1914),#1932,.F.);
#1914 = FACE_BOUND('',#1915,.F.);
#1915 = EDGE_LOOP('',(#1916,#1917,#1918,#1926));
#1916 = ORIENTED_EDGE('',*,*,#926,.T.);
#1917 = ORIENTED_EDGE('',*,*,#1903,.T.);
#1918 = ORIENTED_EDGE('',*,*,#1919,.T.);
#1919 = EDGE_CURVE('',#1896,#1920,#1922,.T.);
#1920 = VERTEX_POINT('',#1921);
#1921 = CARTESIAN_POINT('',(527.05,-44.45,1.524E+03));
#1922 = LINE('',#1923,#1924);
#1923 = CARTESIAN_POINT('',(527.05,-6.35,1.524E+03));
#1924 = VECTOR('',#1925,1.);
#1925 = DIRECTION('',(0.,-1.,0.));
#1926 = ORIENTED_EDGE('',*,*,#1927,.F.);
#1927 = EDGE_CURVE('',#919,#1920,#1928,.T.);
#1928 = LINE('',#1929,#1930);
#1929 = CARTESIAN_POINT('',(527.05,-44.45,609.6));
#1930 = VECTOR('',#1931,1.);
#1931 = DIRECTION('',(0.,0.,1.));
#1932 = PLANE('',#1933);
#1933 = AXIS2_PLACEMENT_3D('',#1934,#1935,#1936);
#1934 = CARTESIAN_POINT('',(527.05,-6.35,609.6));
#1935 = DIRECTION('',(1.,0.,0.));
#1936 = DIRECTION('',(0.,-1.,0.));
#1937 = ADVANCED_FACE('',(#1938),#1949,.F.);
#1938 = FACE_BOUND('',#1939,.F.);
#1939 = EDGE_LOOP('',(#1940,#1941,#1942,#1948));
#1940 = ORIENTED_EDGE('',*,*,#918,.T.);
#1941 = ORIENTED_EDGE('',*,*,#1927,.T.);
#1942 = ORIENTED_EDGE('',*,*,#1943,.T.);
#1943 = EDGE_CURVE('',#1920,#1864,#1944,.T.);
#1944 = LINE('',#1945,#1946);
#1945 = CARTESIAN_POINT('',(527.05,-44.45,1.524E+03));
#1946 = VECTOR('',#1947,1.);
#1947 = DIRECTION('',(1.,0.,0.));
#1948 = ORIENTED_EDGE('',*,*,#1863,.F.);
#1949 = PLANE('',#1950);
#1950 = AXIS2_PLACEMENT_3D('',#1951,#1952,#1953);
#1951 = CARTESIAN_POINT('',(527.05,-44.45,609.6));
#1952 = DIRECTION('',(0.,1.,0.));
#1953 = DIRECTION('',(1.,0.,0.));
#1954 = ADVANCED_FACE('',(#1955),#1960,.T.);
#1955 = FACE_BOUND('',#1956,.T.);
#1956 = EDGE_LOOP('',(#1957,#1958,#1959));
#1957 = ORIENTED_EDGE('',*,*,#1227,.T.);
#1958 = ORIENTED_EDGE('',*,*,#967,.T.);
#1959 = ORIENTED_EDGE('',*,*,#984,.F.);
#1960 = SPHERICAL_SURFACE('',#1961,19.05);
#1961 = AXIS2_PLACEMENT_3D('',#1962,#1963,#1964);
#1962 = CARTESIAN_POINT('',(0.,4.511946372077E-14,203.2));
#1963 = DIRECTION('',(0.707106781187,0.707106781187,-1.570092458684E-16)
  );
#1964 = DIRECTION('',(0.57735026919,-0.57735026919,-0.57735026919));
#1965 = ADVANCED_FACE('',(#1966),#1977,.T.);
#1966 = FACE_BOUND('',#1967,.T.);
#1967 = EDGE_LOOP('',(#1968,#1975,#1976));
#1968 = ORIENTED_EDGE('',*,*,#1969,.T.);
#1969 = EDGE_CURVE('',#1052,#1011,#1970,.T.);
#1970 = CIRCLE('',#1971,19.05);
#1971 = AXIS2_PLACEMENT_3D('',#1972,#1973,#1974);
#1972 = CARTESIAN_POINT('',(1.0668E+03,2.36877184534E-13,1.0668E+03));
#1973 = DIRECTION('',(4.930380657631E-32,1.,-2.22044604925E-16));
#1974 = DIRECTION('',(-0.948683298051,7.021666937153E-17,0.316227766017)
  );
#1975 = ORIENTED_EDGE('',*,*,#1018,.T.);
#1976 = ORIENTED_EDGE('',*,*,#1051,.F.);
#1977 = SPHERICAL_SURFACE('',#1978,19.05);
#1978 = AXIS2_PLACEMENT_3D('',#1979,#1980,#1981);
#1979 = CARTESIAN_POINT('',(1.0668E+03,2.36877184534E-13,1.0668E+03));
#1980 = DIRECTION('',(0.734943699387,-0.632330573471,-0.244981233129));
#1981 = DIRECTION('',(-0.659488296341,-0.582352487746,-0.475332270107));
#1982 = ADVANCED_FACE('',(#1983),#2008,.T.);
#1983 = FACE_BOUND('',#1984,.T.);
#1984 = EDGE_LOOP('',(#1985,#1993,#1994,#2002));
#1985 = ORIENTED_EDGE('',*,*,#1986,.F.);
#1986 = EDGE_CURVE('',#1061,#1987,#1989,.T.);
#1987 = VERTEX_POINT('',#1988);
#1988 = CARTESIAN_POINT('',(1.0668E+03,0.,1.1049E+03));
#1989 = LINE('',#1990,#1991);
#1990 = CARTESIAN_POINT('',(1.0668E+03,0.,1.0668E+03));
#1991 = VECTOR('',#1992,1.);
#1992 = DIRECTION('',(0.,0.,1.));
#1993 = ORIENTED_EDGE('',*,*,#1068,.F.);
#1994 = ORIENTED_EDGE('',*,*,#1995,.T.);
#1995 = EDGE_CURVE('',#1036,#1996,#1998,.T.);
#1996 = VERTEX_POINT('',#1997);
#1997 = CARTESIAN_POINT('',(1.04775E+03,0.,1.1049E+03));
#1998 = LINE('',#1999,#2000);
#1999 = CARTESIAN_POINT('',(1.04775E+03,0.,1.0668E+03));
#2000 = VECTOR('',#2001,1.);
#2001 = DIRECTION('',(0.,0.,1.));
#2002 = ORIENTED_EDGE('',*,*,#2003,.F.);
#2003 = EDGE_CURVE('',#1987,#1996,#2004,.T.);
#2004 = LINE('',#2005,#2006);
#2005 = CARTESIAN_POINT('',(1.0668E+03,0.,1.1049E+03));
#2006 = VECTOR('',#2007,1.);
#2007 = DIRECTION('',(-1.,-0.,-0.));
#2008 = PLANE('',#2009);
#2009 = AXIS2_PLACEMENT_3D('',#2010,#2011,#2012);
#2010 = CARTESIAN_POINT('',(1.0668E+03,0.,1.0668E+03));
#2011 = DIRECTION('',(0.,1.,0.));
#2012 = DIRECTION('',(0.,0.,1.));
#2013 = ADVANCED_FACE('',(#2014),#2025,.T.);
#2014 = FACE_BOUND('',#2015,.T.);
#2015 = EDGE_LOOP('',(#2016,#2023,#2024));
#2016 = ORIENTED_EDGE('',*,*,#2017,.T.);
#2017 = EDGE_CURVE('',#1101,#1034,#2018,.T.);
#2018 = CIRCLE('',#2019,19.05);
#2019 = AXIS2_PLACEMENT_3D('',#2020,#2021,#2022);
#2020 = CARTESIAN_POINT('',(762.,2.594369163944E-13,1.1684E+03));
#2021 = DIRECTION('',(4.930380657631E-32,1.,-2.22044604925E-16));
#2022 = DIRECTION('',(-1.110223024625E-16,-2.22044604925E-16,-1.));
#2023 = ORIENTED_EDGE('',*,*,#1043,.T.);
#2024 = ORIENTED_EDGE('',*,*,#1100,.F.);
#2025 = SPHERICAL_SURFACE('',#2026,19.05);
#2026 = AXIS2_PLACEMENT_3D('',#2027,#2028,#2029);
#2027 = CARTESIAN_POINT('',(762.,2.594369163944E-13,1.1684E+03));
#2028 = DIRECTION('',(0.,-0.749583460084,0.66190984006));
#2029 = DIRECTION('',(0.475332270107,-0.582352487746,-0.659488296341));
#2030 = ADVANCED_FACE('',(#2031),#2037,.T.);
#2031 = FACE_BOUND('',#2032,.F.);
#2032 = EDGE_LOOP('',(#2033,#2034,#2035,#2036));
#2033 = ORIENTED_EDGE('',*,*,#1278,.F.);
#2034 = ORIENTED_EDGE('',*,*,#2017,.T.);
#2035 = ORIENTED_EDGE('',*,*,#1296,.T.);
#2036 = ORIENTED_EDGE('',*,*,#1261,.F.);
#2037 = CYLINDRICAL_SURFACE('',#2038,19.05);
#2038 = AXIS2_PLACEMENT_3D('',#2039,#2040,#2041);
#2039 = CARTESIAN_POINT('',(762.,2.594369163944E-13,1.1684E+03));
#2040 = DIRECTION('',(-4.930380657631E-32,-1.,2.22044604925E-16));
#2041 = DIRECTION('',(-1.110223024625E-16,-2.22044604925E-16,-1.));
#2042 = ADVANCED_FACE('',(#2043),#2054,.F.);
#2043 = FACE_BOUND('',#2044,.F.);
#2044 = EDGE_LOOP('',(#2045,#2046,#2047,#2048));
#2045 = ORIENTED_EDGE('',*,*,#1333,.T.);
#2046 = ORIENTED_EDGE('',*,*,#1303,.T.);
#2047 = ORIENTED_EDGE('',*,*,#1995,.T.);
#2048 = ORIENTED_EDGE('',*,*,#2049,.T.);
#2049 = EDGE_CURVE('',#1996,#1326,#2050,.T.);
#2050 = LINE('',#2051,#2052);
#2051 = CARTESIAN_POINT('',(1.04775E+03,0.,1.1049E+03));
#2052 = VECTOR('',#2053,1.);
#2053 = DIRECTION('',(0.,-1.,0.));
#2054 = PLANE('',#2055);
#2055 = AXIS2_PLACEMENT_3D('',#2056,#2057,#2058);
#2056 = CARTESIAN_POINT('',(1.04775E+03,-304.8,1.08585E+03));
#2057 = DIRECTION('',(1.,0.,0.));
#2058 = DIRECTION('',(0.,0.,1.));
#2059 = ADVANCED_FACE('',(#2060),#2071,.T.);
#2060 = FACE_BOUND('',#2061,.T.);
#2061 = EDGE_LOOP('',(#2062,#2063,#2064,#2070));
#2062 = ORIENTED_EDGE('',*,*,#1349,.T.);
#2063 = ORIENTED_EDGE('',*,*,#1986,.T.);
#2064 = ORIENTED_EDGE('',*,*,#2065,.T.);
#2065 = EDGE_CURVE('',#1987,#1318,#2066,.T.);
#2066 = LINE('',#2067,#2068);
#2067 = CARTESIAN_POINT('',(1.0668E+03,0.,1.1049E+03));
#2068 = VECTOR('',#2069,1.);
#2069 = DIRECTION('',(0.,-1.,0.));
#2070 = ORIENTED_EDGE('',*,*,#1317,.T.);
#2071 = PLANE('',#2072);
#2072 = AXIS2_PLACEMENT_3D('',#2073,#2074,#2075);
#2073 = CARTESIAN_POINT('',(1.0668E+03,-304.8,1.08585E+03));
#2074 = DIRECTION('',(1.,0.,0.));
#2075 = DIRECTION('',(0.,0.,1.));
#2076 = ADVANCED_FACE('',(#2077),#2083,.T.);
#2077 = FACE_BOUND('',#2078,.T.);
#2078 = EDGE_LOOP('',(#2079,#2080,#2081,#2082));
#2079 = ORIENTED_EDGE('',*,*,#2003,.T.);
#2080 = ORIENTED_EDGE('',*,*,#2049,.T.);
#2081 = ORIENTED_EDGE('',*,*,#1325,.F.);
#2082 = ORIENTED_EDGE('',*,*,#2065,.F.);
#2083 = PLANE('',#2084);
#2084 = AXIS2_PLACEMENT_3D('',#2085,#2086,#2087);
#2085 = CARTESIAN_POINT('',(1.0668E+03,0.,1.1049E+03));
#2086 = DIRECTION('',(0.,0.,1.));
#2087 = DIRECTION('',(0.,-1.,0.));
#2088 = ADVANCED_FACE('',(#2089),#2095,.T.);
#2089 = FACE_BOUND('',#2090,.F.);
#2090 = EDGE_LOOP('',(#2091,#2092,#2093,#2094));
#2091 = ORIENTED_EDGE('',*,*,#1356,.F.);
#2092 = ORIENTED_EDGE('',*,*,#1969,.T.);
#2093 = ORIENTED_EDGE('',*,*,#1388,.T.);
#2094 = ORIENTED_EDGE('',*,*,#1370,.F.);
#2095 = CYLINDRICAL_SURFACE('',#2096,19.05);
#2096 = AXIS2_PLACEMENT_3D('',#2097,#2098,#2099);
#2097 = CARTESIAN_POINT('',(1.0668E+03,2.36877184534E-13,1.0668E+03));
#2098 = DIRECTION('',(-4.930380657631E-32,-1.,2.22044604925E-16));
#2099 = DIRECTION('',(-0.948683298051,7.021666937153E-17,0.316227766017)
  );
#2100 = ADVANCED_FACE('',(#2101),#2107,.T.);
#2101 = FACE_BOUND('',#2102,.T.);
#2102 = EDGE_LOOP('',(#2103,#2104,#2105,#2106));
#2103 = ORIENTED_EDGE('',*,*,#1526,.F.);
#2104 = ORIENTED_EDGE('',*,*,#1620,.T.);
#2105 = ORIENTED_EDGE('',*,*,#1404,.F.);
#2106 = ORIENTED_EDGE('',*,*,#1647,.F.);
#2107 = PLANE('',#2108);
#2108 = AXIS2_PLACEMENT_3D('',#2109,#2110,#2111);
#2109 = CARTESIAN_POINT('',(1.0668E+03,-19.05,330.2));
#2110 = DIRECTION('',(0.,0.,-1.));
#2111 = DIRECTION('',(0.,-1.,0.));
#2112 = ADVANCED_FACE('',(#2113),#2129,.T.);
#2113 = FACE_BOUND('',#2114,.T.);
#2114 = EDGE_LOOP('',(#2115,#2116,#2122,#2123));
#2115 = ORIENTED_EDGE('',*,*,#1569,.F.);
#2116 = ORIENTED_EDGE('',*,*,#2117,.T.);
#2117 = EDGE_CURVE('',#1546,#1424,#2118,.T.);
#2118 = LINE('',#2119,#2120);
#2119 = CARTESIAN_POINT('',(1.0668E+03,-19.05,692.15));
#2120 = VECTOR('',#2121,1.);
#2121 = DIRECTION('',(1.,0.,0.));
#2122 = ORIENTED_EDGE('',*,*,#1421,.F.);
#2123 = ORIENTED_EDGE('',*,*,#2124,.F.);
#2124 = EDGE_CURVE('',#1562,#1422,#2125,.T.);
#2125 = LINE('',#2126,#2127);
#2126 = CARTESIAN_POINT('',(1.0668E+03,-19.05,1.016E+03));
#2127 = VECTOR('',#2128,1.);
#2128 = DIRECTION('',(1.,0.,0.));
#2129 = PLANE('',#2130);
#2130 = AXIS2_PLACEMENT_3D('',#2131,#2132,#2133);
#2131 = CARTESIAN_POINT('',(1.0668E+03,-19.05,692.15));
#2132 = DIRECTION('',(0.,-1.,-1.316429339065E-16));
#2133 = DIRECTION('',(0.,-1.316429339065E-16,1.));
#2134 = ADVANCED_FACE('',(#2135),#2146,.T.);
#2135 = FACE_BOUND('',#2136,.T.);
#2136 = EDGE_LOOP('',(#2137,#2138,#2139,#2140));
#2137 = ORIENTED_EDGE('',*,*,#1561,.F.);
#2138 = ORIENTED_EDGE('',*,*,#2124,.T.);
#2139 = ORIENTED_EDGE('',*,*,#1447,.F.);
#2140 = ORIENTED_EDGE('',*,*,#2141,.F.);
#2141 = EDGE_CURVE('',#1554,#1440,#2142,.T.);
#2142 = LINE('',#2143,#2144);
#2143 = CARTESIAN_POINT('',(1.0668E+03,-590.55,1.016E+03));
#2144 = VECTOR('',#2145,1.);
#2145 = DIRECTION('',(1.,0.,0.));
#2146 = PLANE('',#2147);
#2147 = AXIS2_PLACEMENT_3D('',#2148,#2149,#2150);
#2148 = CARTESIAN_POINT('',(1.0668E+03,-19.05,1.016E+03));
#2149 = DIRECTION('',(0.,0.,-1.));
#2150 = DIRECTION('',(0.,-1.,0.));
#2151 = ADVANCED_FACE('',(#2152),#2163,.T.);
#2152 = FACE_BOUND('',#2153,.T.);
#2153 = EDGE_LOOP('',(#2154,#2155,#2156,#2157));
#2154 = ORIENTED_EDGE('',*,*,#1553,.F.);
#2155 = ORIENTED_EDGE('',*,*,#2141,.T.);
#2156 = ORIENTED_EDGE('',*,*,#1439,.F.);
#2157 = ORIENTED_EDGE('',*,*,#2158,.F.);
#2158 = EDGE_CURVE('',#1544,#1432,#2159,.T.);
#2159 = LINE('',#2160,#2161);
#2160 = CARTESIAN_POINT('',(1.0668E+03,-590.55,692.15));
#2161 = VECTOR('',#2162,1.);
#2162 = DIRECTION('',(1.,0.,0.));
#2163 = PLANE('',#2164);
#2164 = AXIS2_PLACEMENT_3D('',#2165,#2166,#2167);
#2165 = CARTESIAN_POINT('',(1.0668E+03,-590.55,1.016E+03));
#2166 = DIRECTION('',(0.,1.,0.));
#2167 = DIRECTION('',(0.,0.,-1.));
#2168 = ADVANCED_FACE('',(#2169),#2175,.T.);
#2169 = FACE_BOUND('',#2170,.T.);
#2170 = EDGE_LOOP('',(#2171,#2172,#2173,#2174));
#2171 = ORIENTED_EDGE('',*,*,#1543,.F.);
#2172 = ORIENTED_EDGE('',*,*,#2158,.T.);
#2173 = ORIENTED_EDGE('',*,*,#1431,.F.);
#2174 = ORIENTED_EDGE('',*,*,#2117,.F.);
#2175 = PLANE('',#2176);
#2176 = AXIS2_PLACEMENT_3D('',#2177,#2178,#2179);
#2177 = CARTESIAN_POINT('',(1.0668E+03,-590.55,692.15));
#2178 = DIRECTION('',(0.,0.,1.));
#2179 = DIRECTION('',(0.,1.,0.));
#2180 = ADVANCED_FACE('',(#2181),#2197,.T.);
#2181 = FACE_BOUND('',#2182,.T.);
#2182 = EDGE_LOOP('',(#2183,#2184,#2190,#2191));
#2183 = ORIENTED_EDGE('',*,*,#1603,.F.);
#2184 = ORIENTED_EDGE('',*,*,#2185,.T.);
#2185 = EDGE_CURVE('',#1580,#1458,#2186,.T.);
#2186 = LINE('',#2187,#2188);
#2187 = CARTESIAN_POINT('',(1.0668E+03,-19.05,349.25));
#2188 = VECTOR('',#2189,1.);
#2189 = DIRECTION('',(1.,0.,0.));
#2190 = ORIENTED_EDGE('',*,*,#1455,.F.);
#2191 = ORIENTED_EDGE('',*,*,#2192,.F.);
#2192 = EDGE_CURVE('',#1596,#1456,#2193,.T.);
#2193 = LINE('',#2194,#2195);
#2194 = CARTESIAN_POINT('',(1.0668E+03,-19.05,673.1));
#2195 = VECTOR('',#2196,1.);
#2196 = DIRECTION('',(1.,0.,0.));
#2197 = PLANE('',#2198);
#2198 = AXIS2_PLACEMENT_3D('',#2199,#2200,#2201);
#2199 = CARTESIAN_POINT('',(1.0668E+03,-19.05,349.25));
#2200 = DIRECTION('',(0.,-1.,-1.316429339065E-16));
#2201 = DIRECTION('',(0.,-1.316429339065E-16,1.));
#2202 = ADVANCED_FACE('',(#2203),#2214,.T.);
#2203 = FACE_BOUND('',#2204,.T.);
#2204 = EDGE_LOOP('',(#2205,#2206,#2207,#2208));
#2205 = ORIENTED_EDGE('',*,*,#1595,.F.);
#2206 = ORIENTED_EDGE('',*,*,#2192,.T.);
#2207 = ORIENTED_EDGE('',*,*,#1481,.F.);
#2208 = ORIENTED_EDGE('',*,*,#2209,.F.);
#2209 = EDGE_CURVE('',#1588,#1474,#2210,.T.);
#2210 = LINE('',#2211,#2212);
#2211 = CARTESIAN_POINT('',(1.0668E+03,-590.55,673.1));
#2212 = VECTOR('',#2213,1.);
#2213 = DIRECTION('',(1.,0.,0.));
#2214 = PLANE('',#2215);
#2215 = AXIS2_PLACEMENT_3D('',#2216,#2217,#2218);
#2216 = CARTESIAN_POINT('',(1.0668E+03,-19.05,673.1));
#2217 = DIRECTION('',(0.,0.,-1.));
#2218 = DIRECTION('',(0.,-1.,0.));
#2219 = ADVANCED_FACE('',(#2220),#2231,.T.);
#2220 = FACE_BOUND('',#2221,.T.);
#2221 = EDGE_LOOP('',(#2222,#2223,#2224,#2225));
#2222 = ORIENTED_EDGE('',*,*,#1587,.F.);
#2223 = ORIENTED_EDGE('',*,*,#2209,.T.);
#2224 = ORIENTED_EDGE('',*,*,#1473,.F.);
#2225 = ORIENTED_EDGE('',*,*,#2226,.F.);
#2226 = EDGE_CURVE('',#1578,#1466,#2227,.T.);
#2227 = LINE('',#2228,#2229);
#2228 = CARTESIAN_POINT('',(1.0668E+03,-590.55,349.25));
#2229 = VECTOR('',#2230,1.);
#2230 = DIRECTION('',(1.,0.,0.));
#2231 = PLANE('',#2232);
#2232 = AXIS2_PLACEMENT_3D('',#2233,#2234,#2235);
#2233 = CARTESIAN_POINT('',(1.0668E+03,-590.55,673.1));
#2234 = DIRECTION('',(0.,1.,0.));
#2235 = DIRECTION('',(0.,0.,-1.));
#2236 = ADVANCED_FACE('',(#2237),#2243,.T.);
#2237 = FACE_BOUND('',#2238,.T.);
#2238 = EDGE_LOOP('',(#2239,#2240,#2241,#2242));
#2239 = ORIENTED_EDGE('',*,*,#1577,.F.);
#2240 = ORIENTED_EDGE('',*,*,#2226,.T.);
#2241 = ORIENTED_EDGE('',*,*,#1465,.F.);
#2242 = ORIENTED_EDGE('',*,*,#2185,.F.);
#2243 = PLANE('',#2244);
#2244 = AXIS2_PLACEMENT_3D('',#2245,#2246,#2247);
#2245 = CARTESIAN_POINT('',(1.0668E+03,-590.55,349.25));
#2246 = DIRECTION('',(0.,0.,1.));
#2247 = DIRECTION('',(0.,1.,0.));
#2248 = ADVANCED_FACE('',(#2249),#2260,.T.);
#2249 = FACE_BOUND('',#2250,.T.);
#2250 = EDGE_LOOP('',(#2251,#2252,#2258,#2259));
#2251 = ORIENTED_EDGE('',*,*,#1736,.T.);
#2252 = ORIENTED_EDGE('',*,*,#2253,.T.);
#2253 = EDGE_CURVE('',#1729,#1834,#2254,.T.);
#2254 = LINE('',#2255,#2256);
#2255 = CARTESIAN_POINT('',(1.04775E+03,-609.6,1.0668E+03));
#2256 = VECTOR('',#2257,1.);
#2257 = DIRECTION('',(0.,1.,0.));
#2258 = ORIENTED_EDGE('',*,*,#1841,.F.);
#2259 = ORIENTED_EDGE('',*,*,#1503,.T.);
#2260 = PLANE('',#2261);
#2261 = AXIS2_PLACEMENT_3D('',#2262,#2263,#2264);
#2262 = CARTESIAN_POINT('',(1.0668E+03,-609.6,1.0668E+03));
#2263 = DIRECTION('',(0.,0.,-1.));
#2264 = DIRECTION('',(0.,1.,0.));
#2265 = ADVANCED_FACE('',(#2266),#2277,.F.);
#2266 = FACE_BOUND('',#2267,.F.);
#2267 = EDGE_LOOP('',(#2268,#2269,#2270,#2271));
#2268 = ORIENTED_EDGE('',*,*,#1728,.T.);
#2269 = ORIENTED_EDGE('',*,*,#2253,.T.);
#2270 = ORIENTED_EDGE('',*,*,#1833,.T.);
#2271 = ORIENTED_EDGE('',*,*,#2272,.F.);
#2272 = EDGE_CURVE('',#1721,#1826,#2273,.T.);
#2273 = LINE('',#2274,#2275);
#2274 = CARTESIAN_POINT('',(1.04775E+03,-152.4,1.07315E+03));
#2275 = VECTOR('',#2276,1.);
#2276 = DIRECTION('',(0.,1.,-2.22044604925E-16));
#2277 = PLANE('',#2278);
#2278 = AXIS2_PLACEMENT_3D('',#2279,#2280,#2281);
#2279 = CARTESIAN_POINT('',(1.04775E+03,-304.8,1.08585E+03));
#2280 = DIRECTION('',(1.,0.,0.));
#2281 = DIRECTION('',(0.,0.,1.));
#2282 = ADVANCED_FACE('',(#2283),#2294,.F.);
#2283 = FACE_BOUND('',#2284,.F.);
#2284 = EDGE_LOOP('',(#2285,#2286,#2292,#2293));
#2285 = ORIENTED_EDGE('',*,*,#1825,.F.);
#2286 = ORIENTED_EDGE('',*,*,#2287,.T.);
#2287 = EDGE_CURVE('',#1818,#1713,#2288,.T.);
#2288 = LINE('',#2289,#2290);
#2289 = CARTESIAN_POINT('',(762.,2.594369163944E-13,1.1684E+03));
#2290 = VECTOR('',#2291,1.);
#2291 = DIRECTION('',(0.,-1.,2.22044604925E-16));
#2292 = ORIENTED_EDGE('',*,*,#1720,.T.);
#2293 = ORIENTED_EDGE('',*,*,#2272,.T.);
#2294 = PLANE('',#2295);
#2295 = AXIS2_PLACEMENT_3D('',#2296,#2297,#2298);
#2296 = CARTESIAN_POINT('',(762.,2.594369163944E-13,1.1684E+03));
#2297 = DIRECTION('',(0.316227766017,2.106500081146E-16,0.948683298051)
  );
#2298 = DIRECTION('',(0.948683298051,-7.021666937153E-17,-0.316227766017
    ));
#2299 = ADVANCED_FACE('',(#2300),#2311,.F.);
#2300 = FACE_BOUND('',#2301,.F.);
#2301 = EDGE_LOOP('',(#2302,#2308,#2309,#2310));
#2302 = ORIENTED_EDGE('',*,*,#2303,.T.);
#2303 = EDGE_CURVE('',#1810,#1705,#2304,.T.);
#2304 = LINE('',#2305,#2306);
#2305 = CARTESIAN_POINT('',(762.,1.353583911623E-13,609.6));
#2306 = VECTOR('',#2307,1.);
#2307 = DIRECTION('',(0.,-1.,2.22044604925E-16));
#2308 = ORIENTED_EDGE('',*,*,#1712,.T.);
#2309 = ORIENTED_EDGE('',*,*,#2287,.F.);
#2310 = ORIENTED_EDGE('',*,*,#1817,.F.);
#2311 = PLANE('',#2312);
#2312 = AXIS2_PLACEMENT_3D('',#2313,#2314,#2315);
#2313 = CARTESIAN_POINT('',(762.,1.353583911623E-13,609.6));
#2314 = DIRECTION('',(-1.,-0.,0.));
#2315 = DIRECTION('',(0.,2.22044604925E-16,1.));
#2316 = ADVANCED_FACE('',(#2317),#2333,.F.);
#2317 = FACE_BOUND('',#2318,.F.);
#2318 = EDGE_LOOP('',(#2319,#2325,#2326,#2332));
#2319 = ORIENTED_EDGE('',*,*,#2320,.T.);
#2320 = EDGE_CURVE('',#1794,#1689,#2321,.T.);
#2321 = LINE('',#2322,#2323);
#2322 = CARTESIAN_POINT('',(508.,9.023892744153E-14,406.4));
#2323 = VECTOR('',#2324,1.);
#2324 = DIRECTION('',(0.,-1.,2.22044604925E-16));
#2325 = ORIENTED_EDGE('',*,*,#1696,.T.);
#2326 = ORIENTED_EDGE('',*,*,#2327,.F.);
#2327 = EDGE_CURVE('',#1802,#1697,#2328,.T.);
#2328 = LINE('',#2329,#2330);
#2329 = CARTESIAN_POINT('',(508.,1.353583911623E-13,609.6));
#2330 = VECTOR('',#2331,1.);
#2331 = DIRECTION('',(0.,-1.,2.22044604925E-16));
#2332 = ORIENTED_EDGE('',*,*,#1801,.F.);
#2333 = PLANE('',#2334);
#2334 = AXIS2_PLACEMENT_3D('',#2335,#2336,#2337);
#2335 = CARTESIAN_POINT('',(508.,9.023892744153E-14,406.4));
#2336 = DIRECTION('',(-1.,-0.,0.));
#2337 = DIRECTION('',(0.,2.22044604925E-16,1.));
#2338 = ADVANCED_FACE('',(#2339),#2350,.F.);
#2339 = FACE_BOUND('',#2340,.F.);
#2340 = EDGE_LOOP('',(#2341,#2347,#2348,#2349));
#2341 = ORIENTED_EDGE('',*,*,#2342,.T.);
#2342 = EDGE_CURVE('',#1786,#1681,#2343,.T.);
#2343 = LINE('',#2344,#2345);
#2344 = CARTESIAN_POINT('',(254.,9.023892744153E-14,406.4));
#2345 = VECTOR('',#2346,1.);
#2346 = DIRECTION('',(0.,-1.,2.22044604925E-16));
#2347 = ORIENTED_EDGE('',*,*,#1688,.T.);
#2348 = ORIENTED_EDGE('',*,*,#2320,.F.);
#2349 = ORIENTED_EDGE('',*,*,#1793,.F.);
#2350 = PLANE('',#2351);
#2351 = AXIS2_PLACEMENT_3D('',#2352,#2353,#2354);
#2352 = CARTESIAN_POINT('',(254.,9.023892744153E-14,406.4));
#2353 = DIRECTION('',(0.,2.22044604925E-16,1.));
#2354 = DIRECTION('',(1.,0.,0.));
#2355 = ADVANCED_FACE('',(#2356),#2367,.F.);
#2356 = FACE_BOUND('',#2357,.F.);
#2357 = EDGE_LOOP('',(#2358,#2364,#2365,#2366));
#2358 = ORIENTED_EDGE('',*,*,#2359,.T.);
#2359 = EDGE_CURVE('',#1778,#1673,#2360,.T.);
#2360 = LINE('',#2361,#2362);
#2361 = CARTESIAN_POINT('',(254.,4.511946372077E-14,203.2));
#2362 = VECTOR('',#2363,1.);
#2363 = DIRECTION('',(0.,-1.,2.22044604925E-16));
#2364 = ORIENTED_EDGE('',*,*,#1680,.T.);
#2365 = ORIENTED_EDGE('',*,*,#2342,.F.);
#2366 = ORIENTED_EDGE('',*,*,#1785,.F.);
#2367 = PLANE('',#2368);
#2368 = AXIS2_PLACEMENT_3D('',#2369,#2370,#2371);
#2369 = CARTESIAN_POINT('',(254.,4.511946372077E-14,203.2));
#2370 = DIRECTION('',(-1.,-0.,0.));
#2371 = DIRECTION('',(0.,2.22044604925E-16,1.));
#2372 = ADVANCED_FACE('',(#2373),#2379,.F.);
#2373 = FACE_BOUND('',#2374,.F.);
#2374 = EDGE_LOOP('',(#2375,#2376,#2377,#2378));
#2375 = ORIENTED_EDGE('',*,*,#1753,.T.);
#2376 = ORIENTED_EDGE('',*,*,#1672,.T.);
#2377 = ORIENTED_EDGE('',*,*,#2359,.F.);
#2378 = ORIENTED_EDGE('',*,*,#1777,.F.);
#2379 = PLANE('',#2380);
#2380 = AXIS2_PLACEMENT_3D('',#2381,#2382,#2383);
#2381 = CARTESIAN_POINT('',(0.,4.511946372077E-14,203.2));
#2382 = DIRECTION('',(0.,2.22044604925E-16,1.));
#2383 = DIRECTION('',(1.,0.,0.));
#2384 = ADVANCED_FACE('',(#2385),#2391,.T.);
#2385 = FACE_BOUND('',#2386,.T.);
#2386 = EDGE_LOOP('',(#2387,#2388,#2389,#2390));
#2387 = ORIENTED_EDGE('',*,*,#1943,.T.);
#2388 = ORIENTED_EDGE('',*,*,#1871,.T.);
#2389 = ORIENTED_EDGE('',*,*,#1895,.T.);
#2390 = ORIENTED_EDGE('',*,*,#1919,.T.);
#2391 = PLANE('',#2392);
#2392 = AXIS2_PLACEMENT_3D('',#2393,#2394,#2395);
#2393 = CARTESIAN_POINT('',(546.1,-25.4,1.524E+03));
#2394 = DIRECTION('',(0.,0.,1.));
#2395 = DIRECTION('',(1.,0.,0.));
#2396 = ADVANCED_FACE('',(#2397),#2403,.T.);
#2397 = FACE_BOUND('',#2398,.T.);
#2398 = EDGE_LOOP('',(#2399,#2400,#2401,#2402));
#2399 = ORIENTED_EDGE('',*,*,#2327,.F.);
#2400 = ORIENTED_EDGE('',*,*,#1809,.T.);
#2401 = ORIENTED_EDGE('',*,*,#2303,.T.);
#2402 = ORIENTED_EDGE('',*,*,#1704,.F.);
#2403 = PLANE('',#2404);
#2404 = AXIS2_PLACEMENT_3D('',#2405,#2406,#2407);
#2405 = CARTESIAN_POINT('',(635.,-304.8,609.6));
#2406 = DIRECTION('',(-0.,-0.,-1.));
#2407 = DIRECTION('',(-1.,0.,0.));
#2408 = ( GEOMETRIC_REPRESENTATION_CONTEXT(3) 
GLOBAL_UNCERTAINTY_ASSIGNED_CONTEXT((#2412)) 
GLOBAL_UNIT_ASSIGNED_CONTEXT((#2409,#2410,#2411)) REPRESENTATION_CONTEXT
('Context #1','3D Context with UNIT and UNCERTAINTY') );
#2409 = ( LENGTH_UNIT() NAMED_UNIT(*) SI_UNIT(.MILLI.,.METRE.) );
#2410 = ( NAMED_UNIT(*) PLANE_ANGLE_UNIT() SI_UNIT($,.RADIAN.) );
#2411 = ( NAMED_UNIT(*) SI_UNIT($,.STERADIAN.) SOLID_ANGLE_UNIT() );
#2412 = UNCERTAINTY_MEASURE_WITH_UNIT(LENGTH_MEASURE(2.E-04),#2409,
  'distance_accuracy_value','confusion accuracy');
#2413 = PRODUCT_RELATED_PRODUCT_CATEGORY('part',$,(#7));
ENDSEC;
END-ISO-10303-21;
